,Time_spent_Alone,Stage_fear,Social_event_attendance,Going_outside,Drained_after_socializing,Friends_circle_size,Post_frequency,Personality
0,4.0,0,4.0,6.0,0,13.0,5.0,0
1,9.0,1,0.0,0.0,1,0.0,3.0,1
4,3.0,0,9.0,4.0,0,8.0,5.0,0
5,1.0,0,7.0,5.0,0,6.0,6.0,0
6,4.0,0,9.0,3.0,0,7.0,7.0,0
7,2.0,0,8.0,4.0,0,7.0,8.0,0
8,10.0,1,1.0,3.0,1,0.0,3.0,1
9,0.0,0,8.0,6.0,0,13.0,8.0,0
10,3.0,0,9.0,6.0,0,15.0,5.0,0
11,10.0,1,3.0,1.0,1,4.0,0.0,1
12,3.0,0,6.0,7.0,0,14.0,10.0,0
14,6.0,1,3.0,0.0,1,1.0,3.0,1
15,0.0,0,4.0,4.0,0,8.0,8.0,0
16,9.0,1,0.0,0.0,1,0.0,0.0,1
17,1.0,0,5.0,6.0,0,10.0,4.0,0
18,5.0,1,3.0,0.0,1,4.0,2.0,1
19,1.0,0,7.0,5.0,0,12.0,5.0,0
21,2.0,0,8.0,4.0,0,13.0,6.0,0
22,1.0,0,6.0,7.0,0,14.0,9.0,0
24,2.0,0,8.0,7.0,0,15.0,6.0,0
25,2.0,0,8.0,4.0,0,11.0,9.0,0
26,0.0,0,6.0,4.0,0,14.0,9.0,0
27,4.0,0,5.0,7.0,0,6.0,6.0,0
28,2.0,0,6.0,4.0,0,12.0,10.0,0
29,0.0,0,9.0,4.0,0,14.0,7.0,0
30,4.0,0,10.0,4.0,0,9.0,10.0,0
31,4.0,0,7.0,7.0,0,7.0,9.0,0
32,5.0,1,3.0,3.0,1,0.0,1.0,1
33,8.0,1,3.0,3.0,0,2.0,0.0,1
34,10.0,1,1.0,1.0,1,3.0,2.0,1
35,2.0,0,6.0,5.0,0,14.0,9.0,0
36,1.0,0,4.0,4.0,0,15.0,4.0,0
37,1.0,0,6.0,4.0,0,10.0,5.0,0
39,5.0,1,0.0,1.0,1,5.0,0.0,1
40,3.0,0,5.0,5.0,0,13.0,5.0,0
41,1.0,0,4.0,5.0,0,6.268862911795962,10.0,0
42,9.0,1,1.0,3.0,1,2.0,2.0,1
44,8.0,1,2.0,1.0,1,5.0,3.0,1
45,0.0,0,8.0,6.0,0,6.0,10.0,0
46,4.0,0,7.0,4.0,0,13.0,10.0,0
47,10.0,1,1.0,2.0,1,2.0,0.0,1
48,5.0,1,1.0,3.0,1,3.0,3.0,1
49,1.0,0,5.0,6.0,0,8.0,10.0,0
50,6.0,1,1.0,0.0,1,3.0,1.0,1
51,0.0,0,7.0,4.0,0,10.0,10.0,0
54,6.0,1,3.0,3.0,1,4.0,3.0,1
55,3.0,0,10.0,4.0,0,10.0,5.0,0
56,9.0,1,3.0,2.0,1,4.0,3.0,1
57,2.0,0,10.0,6.0,0,10.0,9.0,0
58,2.0,0,5.0,7.0,0,10.0,5.0,0
59,4.505816002819881,0,9.0,4.0,0,7.0,5.0,0
60,1.0,0,9.0,5.0,0,9.0,10.0,0
61,9.0,1,2.0,3.0,1,4.0,2.0,1
62,7.0,1,3.0,1.0,1,2.0,3.0,1
63,2.0,0,7.0,5.0,0,7.0,9.0,0
64,3.0,0,5.0,6.0,0,6.0,5.0,0
65,10.0,1,3.0,1.0,1,0.0,2.0,1
66,0.0,0,10.0,6.0,0,6.0,4.0,0
67,5.0,1,1.0,3.0,1,4.0,3.0,1
68,0.0,0,4.0,6.0,0,6.0,5.0,0
69,7.0,1,3.0,2.0,1,1.0,2.0,1
70,8.0,1,3.0,3.0,1,4.0,0.0,1
71,1.0,0,3.963354474982382,5.0,0,11.0,8.0,0
72,2.0,0,10.0,5.0,0,12.0,5.0,0
75,7.0,1,3.0,3.0,1,2.0,0.0,1
77,0.0,0,5.0,4.0,0,9.0,10.0,0
79,4.0,0,9.0,6.0,0,11.0,6.0,0
81,1.0,0,8.0,4.0,0,11.0,10.0,0
82,0.0,0,5.0,6.0,0,9.0,7.0,0
83,7.0,1,1.0,0.0,0,3.0,1.0,1
84,4.0,0,4.0,7.0,0,6.0,8.0,0
85,3.0,0,4.0,4.0,0,12.0,5.0,0
86,4.0,0,9.0,4.0,0,8.0,10.0,0
87,0.0,0,6.0,5.0,0,11.0,8.0,0
88,1.0,0,4.0,6.0,0,15.0,8.0,0
89,3.0,0,7.0,6.0,0,6.268862911795962,9.0,0
90,5.0,1,1.0,3.0,1,4.0,0.0,1
91,0.0,0,7.0,6.0,0,10.0,4.0,0
92,9.0,1,1.0,1.0,1,1.0,3.0,1
93,3.0,0,5.0,5.0,0,8.0,5.0,0
94,1.0,0,8.0,6.0,0,9.0,6.0,0
95,3.0,0,7.0,6.0,0,11.0,10.0,0
96,1.0,0,5.0,3.0,0,10.0,9.0,0
97,3.0,0,10.0,6.0,0,14.0,7.0,0
98,4.0,0,10.0,7.0,0,8.0,10.0,0
100,5.0,1,2.0,2.0,1,0.0,3.0,1
101,1.0,0,3.963354474982382,6.0,0,8.0,8.0,0
102,0.0,0,4.0,7.0,0,13.0,4.0,0
103,5.0,1,1.0,3.0,1,5.0,2.0,1
104,7.0,1,1.0,2.0,1,3.0,3.0,1
105,0.0,0,6.0,7.0,0,12.0,9.0,0
106,0.0,0,4.0,6.0,0,13.0,5.0,0
107,0.0,0,6.0,7.0,0,9.0,4.0,0
108,3.0,0,4.0,5.0,0,10.0,6.0,0
109,9.0,1,0.0,3.0,1,1.0,0.0,1
110,3.0,0,6.0,7.0,0,15.0,5.0,0
111,4.0,0,9.0,7.0,0,13.0,5.0,0
112,1.0,0,7.0,7.0,0,9.0,5.0,0
113,7.0,1,0.0,3.0,1,1.0,0.0,1
114,3.0,0,6.0,4.0,0,8.0,10.0,0
115,4.0,0,5.0,5.0,0,15.0,8.0,0
116,1.0,0,7.0,5.0,0,6.0,9.0,0
117,5.0,1,0.0,2.0,1,0.0,2.0,1
118,10.0,1,0.0,3.0,1,0.0,1.0,1
119,3.0,0,8.0,4.0,0,12.0,4.0,0
120,6.0,1,1.0,2.0,1,5.0,1.0,1
121,10.0,1,2.0,3.0,1,2.0,2.0,1
122,3.0,0,5.0,7.0,0,8.0,4.0,0
123,7.0,1,2.0,3.0,1,1.0,2.0,1
124,3.0,0,6.0,6.0,0,10.0,7.0,0
126,4.0,0,9.0,7.0,0,10.0,5.0,0
127,4.0,0,4.0,7.0,0,15.0,8.0,0
128,10.0,1,0.0,1.0,1,5.0,3.0,1
129,4.0,0,7.0,6.0,0,7.0,9.0,0
130,3.0,0,5.0,7.0,0,13.0,7.0,0
131,5.0,1,3.963354474982382,0.0,1,2.0,2.0,1
132,8.0,1,1.0,1.0,1,2.0,3.0,1
133,4.0,0,9.0,5.0,0,10.0,7.0,0
134,2.0,0,10.0,6.0,0,11.0,8.0,0
135,6.0,1,0.0,1.0,1,1.0,1.0,1
136,10.0,1,2.0,1.0,1,5.0,3.0,1
139,4.0,0,10.0,4.0,0,9.0,8.0,0
140,2.0,0,10.0,7.0,0,6.0,4.0,0
141,10.0,1,3.0,3.0,1,5.0,3.0,1
142,3.0,0,7.0,5.0,0,6.0,9.0,0
143,2.0,0,10.0,6.0,0,12.0,5.0,0
144,3.0,0,5.0,6.0,0,8.0,6.0,0
145,3.0,0,6.0,7.0,0,15.0,9.0,0
146,9.0,1,1.0,0.0,1,0.0,0.0,1
147,5.0,1,0.0,3.0,1,4.0,3.0,1
150,7.0,1,2.0,2.0,1,3.0,2.0,1
151,2.0,0,6.0,4.0,0,13.0,5.0,0
152,4.0,0,5.0,7.0,0,13.0,8.0,0
153,9.0,1,2.0,3.0,1,0.0,1.0,1
154,4.0,0,8.0,7.0,0,11.0,7.0,0
155,8.0,1,1.0,2.0,1,3.0,3.0,1
156,5.0,1,3.0,1.0,1,2.0,1.0,1
157,2.0,0,6.0,7.0,0,11.0,10.0,0
158,2.0,0,10.0,4.0,0,11.0,10.0,0
159,2.0,0,9.0,5.0,0,8.0,10.0,0
160,5.0,1,2.0,2.0,1,1.0,2.0,1
161,6.0,1,3.0,0.0,1,5.0,0.0,1
162,3.0,0,10.0,5.0,0,14.0,4.0,0
163,6.0,1,3.0,3.0,1,1.0,0.0,1
164,6.0,1,1.0,3.0,1,1.0,3.0,1
165,0.0,0,7.0,7.0,0,9.0,8.0,0
166,10.0,1,0.0,3.0,1,4.0,3.0,1
167,9.0,1,2.0,2.0,1,1.0,1.0,1
169,6.0,1,1.0,3.0,1,3.0,3.0,1
170,1.0,0,8.0,4.0,0,10.0,8.0,0
171,4.505816002819881,0,4.0,7.0,0,7.0,5.0,0
172,3.0,0,6.0,6.0,0,13.0,9.0,0
173,6.0,1,1.0,3.0,1,0.0,2.0,1
174,1.0,0,5.0,5.0,0,15.0,5.0,0
175,8.0,1,2.0,2.0,1,1.0,1.0,1
176,1.0,0,9.0,4.0,0,13.0,6.0,0
177,2.0,0,8.0,6.0,0,13.0,10.0,0
178,2.0,0,9.0,7.0,0,13.0,10.0,0
179,2.0,0,6.0,7.0,0,8.0,9.0,0
180,4.505816002819881,0,8.0,5.0,0,9.0,4.0,0
181,3.0,0,8.0,4.0,0,7.0,4.0,0
182,6.0,1,0.0,0.0,1,2.0,3.0,1
184,3.0,0,8.0,7.0,0,7.0,10.0,0
185,10.0,1,1.0,0.0,1,0.0,3.0,1
187,10.0,1,0.0,1.0,1,1.0,1.0,1
189,2.0,0,10.0,7.0,0,10.0,4.0,0
190,4.0,0,8.0,7.0,0,6.0,10.0,0
191,3.0,0,8.0,4.0,0,9.0,7.0,0
192,0.0,0,5.0,6.0,0,9.0,4.0,0
193,9.0,1,2.0,3.0,1,2.0,1.0,1
194,8.0,1,0.0,0.0,1,1.0,2.0,1
195,1.0,0,6.0,7.0,0,13.0,10.0,0
196,6.0,1,3.0,2.0,1,3.0,1.0,1
197,6.0,1,2.0,2.0,1,1.0,1.0,1
199,3.0,0,6.0,3.0,0,10.0,6.0,0
202,6.0,1,2.0,0.0,1,3.0,1.0,1
205,8.0,0,0.0,3.0,1,3.0,2.0,1
207,4.505816002819881,1,2.0,2.0,1,1.0,2.0,1
209,5.0,1,0.0,1.0,1,2.0,1.0,1
210,4.0,1,1.0,0.0,1,2.0,2.0,1
211,7.0,1,2.0,0.0,1,3.0,2.0,1
214,5.0,1,1.0,1.0,1,2.0,1.0,1
215,7.0,1,1.0,2.0,1,3.0,1.0,1
217,5.0,1,2.0,0.0,1,2.0,0.0,1
219,8.0,1,0.0,0.0,1,3.0,0.0,1
220,4.0,1,2.0,2.0,1,6.268862911795962,0.0,1
221,6.0,1,2.0,0.0,1,3.0,0.0,1
225,6.0,0,0.0,2.0,1,1.0,2.0,1
226,9.0,1,2.0,0.0,1,1.0,1.0,1
230,8.0,1,2.0,2.0,0,1.0,0.0,1
232,8.0,1,1.0,0.0,1,1.0,1.0,1
233,7.0,1,1.0,1.0,1,3.0,3.564726631393298,1
235,4.0,1,0.0,2.0,1,2.0,3.564726631393298,1
240,5.0,1,1.0,2.0,1,2.0,2.0,1
241,4.0,1,0.0,0.0,1,1.0,2.0,1
242,4.0,1,1.0,1.0,1,2.0,2.0,1
243,8.0,1,0.0,0.0,1,3.0,1.0,1
246,9.0,1,0.0,1.0,1,2.0,1.0,1
247,6.0,1,2.0,0.0,1,1.0,2.0,1
248,9.0,1,0.0,2.0,1,3.0,2.0,1
250,7.0,1,0.0,0.0,1,3.0,1.0,1
252,9.0,1,1.0,2.0,1,3.0,1.0,1
254,7.0,1,0.0,0.0,1,3.0,2.0,1
255,4.0,1,0.0,2.0,1,3.0,2.0,1
256,7.0,1,1.0,0.0,1,3.0,0.0,1
263,9.0,1,1.0,1.0,1,2.0,1.0,1
264,8.0,1,2.0,1.0,1,3.0,2.0,1
268,8.0,1,1.0,2.0,1,1.0,0.0,1
269,8.0,1,0.0,1.0,1,1.0,3.564726631393298,1
271,4.0,1,2.0,1.0,1,1.0,1.0,1
273,9.0,1,2.0,1.0,1,3.0,2.0,1
274,5.0,1,1.0,3.0,1,1.0,0.0,1
278,7.0,1,0.0,0.0,1,6.268862911795962,1.0,1
281,4.0,1,1.0,2.0,1,2.0,0.0,1
282,9.0,0,1.0,1.0,1,2.0,0.0,1
284,6.0,1,0.0,0.0,1,1.0,0.0,1
286,6.0,1,2.0,0.0,1,2.0,1.0,1
290,4.0,1,0.0,0.0,1,2.0,1.0,1
291,4.0,1,2.0,1.0,1,2.0,1.0,1
292,4.0,1,0.0,0.0,1,1.0,0.0,1
293,8.0,1,3.963354474982382,0.0,1,6.268862911795962,3.564726631393298,1
294,7.0,1,1.0,2.0,1,1.0,1.0,1
295,4.0,1,0.0,1.0,1,1.0,2.0,1
296,4.0,1,1.0,1.0,1,2.0,0.0,1
297,7.0,1,1.0,1.0,1,1.0,2.0,1
299,5.0,1,1.0,1.0,1,1.0,1.0,1
301,3.0,0,3.0,7.0,0,8.0,7.0,0
302,3.0,0,4.0,4.0,0,7.0,5.0,0
303,3.0,0,6.0,5.0,0,6.0,6.0,0
304,0.0,0,3.0,4.0,0,6.0,5.0,0
305,0.0,0,6.0,6.0,0,4.0,3.0,0
306,3.0,0,4.0,6.0,0,7.0,7.0,0
307,0.0,0,6.0,6.0,0,9.0,4.0,0
308,0.0,0,5.0,5.0,0,6.268862911795962,9.0,0
309,0.0,0,4.0,7.0,0,8.0,4.0,0
310,1.0,0,4.0,3.0,0,6.268862911795962,5.0,0
311,0.0,0,6.0,3.0,0,8.0,4.0,0
312,0.0,0,5.0,4.0,0,7.0,3.0,0
314,0.0,0,3.0,7.0,0,6.0,3.0,0
315,2.0,0,6.0,5.0,0,4.0,9.0,0
316,3.0,0,7.0,7.0,0,4.0,9.0,0
317,4.505816002819881,0,3.0,6.0,0,4.0,8.0,0
318,0.0,0,3.0,5.0,0,7.0,3.0,0
319,1.0,0,7.0,6.0,0,6.0,3.0,0
320,4.505816002819881,0,6.0,4.0,0,4.0,5.0,0
321,3.0,0,3.0,6.0,0,7.0,8.0,0
322,2.0,0,6.0,6.0,0,5.0,9.0,0
324,0.0,0,6.0,6.0,0,8.0,6.0,0
325,0.0,0,3.0,6.0,0,8.0,7.0,0
326,1.0,0,4.0,6.0,0,9.0,9.0,0
327,1.0,0,7.0,6.0,0,8.0,5.0,0
328,2.0,0,4.0,6.0,0,7.0,3.0,0
329,1.0,0,4.0,7.0,0,4.0,7.0,0
330,1.0,0,3.963354474982382,7.0,0,5.0,3.0,0
331,1.0,0,5.0,5.0,0,5.0,7.0,0
332,0.0,0,7.0,5.0,0,6.0,7.0,0
333,0.0,0,6.0,4.0,0,4.0,7.0,0
334,3.0,0,6.0,5.0,0,7.0,9.0,0
335,2.0,0,7.0,7.0,0,9.0,9.0,0
337,1.0,0,3.963354474982382,4.0,0,8.0,4.0,0
338,3.0,0,4.0,7.0,0,7.0,7.0,0
339,2.0,0,3.0,6.0,0,4.0,5.0,0
340,0.0,0,6.0,5.0,0,4.0,9.0,0
341,3.0,0,3.0,4.0,0,4.0,8.0,0
342,0.0,0,4.0,7.0,0,8.0,7.0,0
343,0.0,0,7.0,7.0,0,9.0,7.0,0
344,2.0,0,6.0,4.0,0,7.0,5.0,0
345,2.0,0,6.0,4.0,0,5.0,9.0,0
346,0.0,0,3.0,5.0,0,4.0,7.0,0
347,1.0,0,5.0,7.0,0,4.0,5.0,0
348,3.0,0,4.0,7.0,0,9.0,6.0,0
349,3.0,0,6.0,4.0,0,5.0,6.0,0
350,3.0,0,4.0,7.0,0,5.0,6.0,0
351,1.0,0,6.0,7.0,0,8.0,3.564726631393298,0
352,3.0,0,5.0,5.0,0,4.0,3.0,0
353,0.0,0,7.0,7.0,0,8.0,6.0,0
354,3.0,0,7.0,4.0,0,9.0,5.0,0
355,0.0,0,4.0,6.0,0,8.0,9.0,0
356,0.0,0,4.0,5.0,0,9.0,4.0,0
357,2.0,0,7.0,4.0,0,4.0,8.0,0
358,0.0,0,4.0,7.0,0,4.0,5.0,0
359,0.0,0,4.0,6.0,0,4.0,8.0,0
360,2.0,0,5.0,4.0,0,8.0,3.0,0
361,1.0,0,3.0,6.0,0,4.0,7.0,0
362,3.0,0,6.0,4.0,0,8.0,9.0,0
363,0.0,0,5.0,4.0,0,8.0,7.0,0
365,0.0,0,3.0,5.0,0,4.0,5.0,0
366,0.0,0,7.0,7.0,0,9.0,3.0,0
367,0.0,0,4.0,7.0,0,5.0,4.0,0
369,0.0,0,6.0,4.0,0,9.0,8.0,0
370,2.0,0,3.0,4.0,0,8.0,7.0,0
371,1.0,0,4.0,6.0,0,6.0,9.0,0
372,1.0,0,6.0,5.0,0,9.0,4.0,0
373,1.0,0,4.0,5.0,0,6.0,5.0,0
374,2.0,0,4.0,7.0,0,4.0,8.0,0
376,0.0,0,7.0,4.0,0,7.0,4.0,0
377,3.0,0,3.0,5.0,0,4.0,6.0,0
378,3.0,0,7.0,5.0,0,6.268862911795962,7.0,0
379,1.0,0,7.0,5.0,0,6.0,5.0,0
380,3.0,0,5.0,6.0,0,6.268862911795962,9.0,0
381,2.0,0,5.0,5.0,0,7.0,6.0,0
382,3.0,0,3.0,6.0,0,6.0,5.0,0
383,0.0,0,4.0,4.0,0,5.0,5.0,0
385,1.0,0,7.0,5.0,0,8.0,8.0,0
386,0.0,0,3.963354474982382,4.0,0,7.0,4.0,0
387,1.0,0,4.0,4.0,0,9.0,4.0,0
388,0.0,0,5.0,4.0,0,5.0,3.0,0
389,2.0,0,3.0,5.0,0,6.268862911795962,5.0,0
390,2.0,0,7.0,4.0,0,5.0,6.0,0
391,0.0,0,3.0,6.0,0,8.0,6.0,0
392,2.0,0,4.0,7.0,0,9.0,4.0,0
393,0.0,0,4.0,5.0,0,6.0,5.0,0
394,2.0,0,5.0,6.0,0,9.0,5.0,0
395,2.0,0,6.0,4.0,0,5.0,4.0,0
396,1.0,0,5.0,6.0,0,4.0,9.0,0
397,0.0,0,6.0,5.0,0,4.0,3.0,0
398,2.0,0,4.0,5.0,0,7.0,3.0,0
399,0.0,0,7.0,7.0,0,4.0,6.0,0
401,8.0,1,2.0,1.0,1,2.0,2.0,1
402,6.0,1,2.0,0.0,1,6.268862911795962,2.0,1
404,1.0,0,5.0,7.0,0,10.0,3.0,0
405,3.0,0,5.0,5.0,0,14.0,3.0,0
406,2.0,0,6.0,6.0,0,8.0,6.0,0
407,10.0,1,3.0,0.0,1,2.0,0.0,1
408,6.0,1,2.0,0.0,1,0.0,2.0,0
409,5.0,1,3.0,0.0,1,3.0,1.0,1
410,5.0,1,1.0,0.0,1,1.0,0.0,1
411,5.0,1,3.0,2.0,1,3.0,2.0,0
412,7.0,1,0.0,2.0,1,2.0,1.0,1
414,1.0,0,9.0,5.0,0,9.0,8.0,0
416,5.0,1,1.0,1.0,1,5.0,2.0,1
417,3.0,0,4.0,5.0,0,13.0,7.0,0
418,3.0,0,8.0,5.0,0,10.0,4.0,0
419,4.0,1,3.0,0.0,1,0.0,0.0,0
420,2.0,0,8.0,4.0,0,14.0,9.0,0
421,0.0,0,4.0,7.0,0,13.0,9.0,0
422,6.0,1,2.0,0.0,1,2.0,2.0,0
423,4.0,1,2.0,0.0,1,1.0,2.0,0
424,1.0,0,4.0,7.0,0,12.0,3.0,0
429,1.0,0,9.0,6.0,0,14.0,9.0,0
430,2.0,0,5.0,5.0,0,8.0,9.0,0
431,3.0,0,4.0,7.0,0,9.0,8.0,0
432,8.0,1,2.0,2.0,1,4.0,2.0,0
433,2.0,0,8.0,7.0,0,12.0,5.0,0
434,6.0,1,1.0,1.0,1,1.0,0.0,1
435,1.0,0,4.0,4.0,0,11.0,6.0,0
436,3.0,0,7.0,7.0,0,9.0,8.0,0
437,1.0,0,6.0,7.0,0,12.0,6.0,0
438,0.0,0,9.0,4.0,0,6.0,3.0,0
439,2.0,0,9.0,4.0,0,9.0,7.0,0
440,0.0,0,6.0,6.0,0,11.0,5.0,1
441,4.0,1,1.0,0.0,1,0.0,2.0,1
442,5.0,1,3.0,2.0,1,2.0,1.0,1
445,10.0,1,1.0,2.0,1,0.0,0.0,1
446,4.0,1,3.0,0.0,1,2.0,3.564726631393298,1
447,5.0,1,1.0,1.0,1,4.0,0.0,1
449,7.0,1,1.0,1.0,1,3.0,2.0,1
450,6.0,1,3.0,2.0,1,0.0,2.0,1
453,3.0,0,6.0,5.0,0,8.0,6.0,0
454,3.0,0,6.0,7.0,0,8.0,4.0,0
455,2.0,0,6.0,7.0,0,12.0,6.0,0
457,2.0,0,7.0,4.0,0,14.0,4.0,0
459,10.0,1,3.0,1.0,1,0.0,0.0,1
460,1.0,0,4.0,7.0,0,10.0,7.0,0
461,3.0,0,6.0,6.0,0,14.0,3.0,0
462,2.0,0,6.0,7.0,0,6.268862911795962,6.0,0
463,3.0,0,9.0,7.0,0,6.0,6.0,0
464,2.0,0,4.0,7.0,0,9.0,8.0,0
465,3.0,0,7.0,5.0,0,8.0,8.0,0
467,11.0,1,1.0,1.0,1,1.0,3.564726631393298,1
468,6.0,1,3.0,0.0,1,0.0,0.0,1
470,6.0,1,0.0,0.0,1,3.0,2.0,1
471,2.0,0,9.0,6.0,0,11.0,8.0,0
472,1.0,0,3.963354474982382,5.0,0,8.0,8.0,0
473,11.0,1,2.0,2.0,1,1.0,0.0,1
474,1.0,0,4.0,7.0,0,6.0,7.0,0
476,3.0,0,4.0,7.0,0,6.0,6.0,0
478,9.0,1,2.0,0.0,1,4.0,0.0,1
480,3.0,0,8.0,4.0,0,12.0,3.0,0
481,11.0,1,2.0,1.0,1,0.0,1.0,1
482,2.0,0,9.0,5.0,0,8.0,8.0,0
483,3.0,0,5.0,7.0,0,11.0,9.0,0
485,5.0,1,0.0,0.0,1,0.0,2.0,1
487,6.0,1,1.0,0.0,1,4.0,1.0,1
488,10.0,1,0.0,0.0,1,3.0,0.0,1
491,2.0,0,9.0,6.0,0,14.0,4.0,0
492,2.0,0,9.0,4.0,0,11.0,4.0,0
493,5.0,1,1.0,0.0,1,3.0,1.0,1
495,4.0,1,3.0,0.0,1,3.0,0.0,1
496,2.0,0,7.0,5.0,0,9.0,8.0,0
498,1.0,0,7.0,5.0,0,8.0,3.0,0
499,3.0,0,6.0,7.0,0,12.0,4.0,0
501,2.0,0,4.0,7.0,0,10.0,3.0,0
502,1.0,0,5.0,4.0,0,7.0,8.0,0
507,10.0,1,0.0,1.0,1,5.0,1.0,1
509,2.0,0,7.0,4.0,0,10.0,9.0,0
510,1.0,0,5.0,5.0,0,10.0,6.0,0
511,5.0,1,3.0,2.0,1,1.0,1.0,1
512,6.0,1,1.0,0.0,1,4.0,0.0,1
513,7.0,1,3.0,2.0,1,1.0,0.0,1
515,1.0,0,6.0,7.0,0,6.0,3.0,0
516,8.0,1,2.0,2.0,1,4.0,2.0,1
517,0.0,0,4.0,7.0,0,7.0,7.0,0
520,4.505816002819881,0,9.0,5.0,0,8.0,3.0,0
522,0.0,0,6.0,4.0,0,13.0,6.0,1
523,4.0,1,0.0,0.0,1,0.0,1.0,1
524,8.0,1,0.0,2.0,1,0.0,2.0,1
526,4.505816002819881,1,3.0,2.0,1,5.0,0.0,1
528,2.0,0,4.0,5.0,0,6.0,3.564726631393298,0
529,1.0,0,7.0,7.0,0,14.0,8.0,0
532,2.0,0,7.0,6.0,0,10.0,7.0,0
533,2.0,0,7.0,4.0,0,9.0,5.0,1
534,8.0,1,3.0,0.0,1,0.0,2.0,1
535,8.0,1,0.0,1.0,1,1.0,2.0,1
537,2.0,0,8.0,6.0,0,7.0,9.0,0
538,3.0,0,4.0,5.0,0,6.0,7.0,0
540,4.0,1,1.0,2.0,1,1.0,1.0,1
542,11.0,1,3.0,0.0,1,0.0,1.0,1
543,3.0,0,4.0,6.0,0,12.0,3.0,0
545,6.0,1,0.0,1.0,1,2.0,1.0,0
547,0.0,0,8.0,5.0,0,9.0,6.0,0
548,11.0,1,0.0,2.0,1,0.0,2.0,1
549,4.0,1,2.0,0.0,1,3.0,1.0,1
550,0.0,0,7.0,4.0,0,14.0,3.564726631393298,1
551,1.0,0,8.0,5.0,0,10.0,8.0,0
552,8.0,1,2.0,0.0,1,3.0,2.0,1
553,6.0,1,3.0,0.0,1,1.0,2.0,1
555,9.0,1,1.0,2.0,1,0.0,2.0,1
557,3.0,0,5.0,7.0,0,9.0,4.0,0
558,11.0,1,1.0,1.0,1,3.0,0.0,0
559,4.0,1,3.0,2.0,1,5.0,2.0,1
560,4.0,1,0.0,0.0,1,4.0,0.0,1
561,3.0,0,8.0,4.0,0,8.0,7.0,0
562,9.0,1,1.0,2.0,1,4.0,2.0,1
563,0.0,0,3.963354474982382,5.0,0,13.0,8.0,0
564,1.0,0,6.0,4.0,0,10.0,9.0,0
566,11.0,1,2.0,0.0,1,2.0,0.0,1
567,1.0,0,4.0,5.0,0,6.0,7.0,1
568,4.0,1,1.0,0.0,1,2.0,2.0,0
569,4.0,0,0.0,2.0,1,5.0,0.0,1
570,0.0,0,8.0,5.0,0,8.0,7.0,0
571,2.0,0,8.0,4.0,0,10.0,4.0,1
572,5.0,1,2.0,0.0,1,4.0,1.0,1
573,0.0,0,9.0,4.0,0,8.0,7.0,0
574,0.0,0,7.0,5.0,0,6.0,3.0,0
575,11.0,1,3.0,1.0,1,6.268862911795962,2.0,1
576,11.0,1,2.0,1.0,1,1.0,1.0,1
577,9.0,1,1.0,2.0,1,2.0,1.0,1
578,7.0,1,0.0,1.0,1,3.0,0.0,1
579,9.0,1,1.0,2.0,1,0.0,0.0,1
580,3.0,0,8.0,4.0,0,7.0,5.0,0
582,1.0,0,5.0,5.0,0,8.0,9.0,1
584,11.0,1,2.0,1.0,1,1.0,2.0,1
586,3.0,0,4.0,5.0,0,6.0,6.0,0
587,7.0,1,3.0,0.0,1,6.268862911795962,1.0,1
589,6.0,1,3.0,2.0,1,2.0,2.0,1
593,2.0,0,6.0,4.0,0,10.0,4.0,0
596,1.0,0,9.0,5.0,0,6.0,8.0,0
597,5.0,1,0.0,2.0,1,0.0,1.0,1
598,0.0,0,4.0,5.0,0,13.0,8.0,0
599,2.0,0,8.0,4.0,0,9.0,3.0,0
600,3.0,0,4.0,6.0,0,9.0,9.0,0
604,10.0,1,3.0,3.0,1,1.0,1.0,1
605,9.0,1,2.0,2.0,1,0.0,2.0,1
606,8.0,1,3.0,1.0,1,0.0,0.0,1
608,4.0,1,0.0,0.0,1,3.0,1.0,1
609,2.0,0,4.0,4.0,0,7.0,9.0,0
611,3.0,0,4.0,7.0,0,8.0,4.0,0
612,4.0,1,0.0,1.0,1,3.0,1.0,1
613,11.0,1,1.0,2.0,1,2.0,3.564726631393298,1
614,1.0,0,8.0,4.0,0,6.0,7.0,0
615,1.0,0,8.0,5.0,0,11.0,9.0,0
616,3.0,0,7.0,5.0,0,13.0,9.0,0
617,0.0,0,6.0,6.0,0,13.0,7.0,0
619,7.0,1,3.0,2.0,1,3.0,2.0,1
620,1.0,0,9.0,4.0,0,13.0,8.0,0
621,2.0,0,9.0,4.0,0,7.0,9.0,0
622,6.0,1,3.0,1.0,1,2.0,0.0,1
624,6.0,1,3.0,0.0,1,3.0,0.0,1
625,3.0,0,4.0,5.0,0,11.0,7.0,0
627,2.0,0,6.0,4.0,0,11.0,4.0,0
628,11.0,1,1.0,0.0,1,1.0,1.0,1
629,0.0,0,5.0,7.0,0,6.0,9.0,0
630,8.0,1,0.0,0.0,1,0.0,2.0,0
631,10.0,1,3.0,1.0,1,2.0,1.0,1
632,2.0,0,4.0,4.0,0,7.0,8.0,0
635,11.0,1,2.0,0.0,1,4.0,1.0,1
636,3.0,0,9.0,6.0,0,6.268862911795962,7.0,0
638,1.0,0,7.0,4.0,0,14.0,4.0,0
639,3.0,0,9.0,7.0,0,8.0,7.0,0
640,9.0,1,0.0,2.0,1,0.0,0.0,1
641,0.0,0,4.0,6.0,0,12.0,4.0,0
642,9.0,1,0.0,2.0,1,2.0,1.0,1
643,1.0,0,6.0,6.0,0,8.0,4.0,0
645,3.0,0,9.0,6.0,0,9.0,7.0,0
646,9.0,1,0.0,0.0,1,4.0,0.0,1
647,6.0,1,2.0,3.0,1,5.0,1.0,0
648,1.0,0,5.0,4.0,0,6.0,8.0,0
649,9.0,1,0.0,2.0,1,3.0,0.0,1
650,11.0,1,3.0,2.0,1,4.0,0.0,1
651,0.0,0,7.0,7.0,0,7.0,5.0,0
652,10.0,1,2.0,2.0,1,3.0,1.0,1
653,6.0,1,2.0,0.0,1,3.0,2.0,1
654,1.0,0,5.0,7.0,0,11.0,8.0,0
655,3.0,0,5.0,5.0,0,13.0,8.0,0
656,5.0,1,0.0,0.0,1,3.0,2.0,1
657,7.0,1,3.0,0.0,1,4.0,2.0,1
658,5.0,1,0.0,2.0,1,1.0,0.0,1
659,1.0,0,6.0,4.0,0,13.0,3.0,0
660,1.0,0,6.0,6.0,0,6.0,8.0,0
661,0.0,0,8.0,5.0,0,9.0,8.0,0
662,10.0,1,0.0,0.0,1,5.0,2.0,1
663,6.0,1,3.0,2.0,1,4.0,2.0,1
664,0.0,0,8.0,4.0,0,9.0,3.0,0
665,0.0,0,5.0,4.0,0,8.0,9.0,0
666,3.0,0,4.0,5.0,0,11.0,4.0,0
667,2.0,0,5.0,6.0,0,7.0,5.0,0
668,0.0,0,6.0,6.0,0,8.0,8.0,0
670,0.0,0,4.0,3.0,0,11.0,4.0,0
671,7.0,1,1.0,0.0,1,0.0,2.0,1
672,0.0,0,7.0,4.0,0,6.0,6.0,0
673,1.0,0,9.0,7.0,0,13.0,3.0,0
674,10.0,1,0.0,3.0,1,5.0,2.0,1
675,6.0,1,2.0,2.0,1,5.0,1.0,1
676,8.0,1,0.0,0.0,1,4.0,1.0,1
677,3.0,0,6.0,5.0,0,6.0,8.0,0
678,6.0,1,2.0,1.0,1,1.0,1.0,1
679,3.0,0,4.0,5.0,0,11.0,5.0,0
682,2.0,0,9.0,5.0,0,6.0,9.0,0
683,4.505816002819881,1,3.0,1.0,1,4.0,0.0,1
685,0.0,0,9.0,4.0,0,10.0,5.0,0
686,2.0,0,4.0,7.0,0,13.0,4.0,0
687,6.0,1,3.0,1.0,1,5.0,2.0,1
688,11.0,1,3.0,0.0,1,5.0,0.0,1
690,5.0,1,2.0,0.0,1,4.0,2.0,1
691,3.0,0,8.0,6.0,0,9.0,7.0,0
692,3.0,0,5.0,5.0,0,6.0,9.0,0
693,8.0,1,3.0,2.0,1,1.0,2.0,1
694,4.505816002819881,0,6.0,6.0,0,12.0,6.0,0
695,3.0,0,3.963354474982382,4.0,0,11.0,8.0,0
696,4.0,1,1.0,0.0,1,3.0,2.0,1
698,5.0,0,1.0,2.0,1,5.0,2.0,1
699,3.0,0,4.0,5.0,0,8.0,3.0,0
700,1.0,0,4.0,7.0,0,7.0,7.0,0
702,2.0,0,9.0,7.0,0,7.0,9.0,0
703,0.0,0,6.0,5.0,0,7.0,7.0,0
706,7.0,1,2.0,0.0,1,1.0,1.0,1
707,0.0,0,6.0,4.0,0,11.0,5.0,0
708,3.0,0,5.0,7.0,0,14.0,7.0,0
709,2.0,0,5.0,4.0,0,6.0,4.0,0
710,0.0,0,7.0,5.0,0,7.0,6.0,0
711,9.0,1,2.0,0.0,1,2.0,0.0,1
713,4.505816002819881,1,3.0,2.0,1,3.0,0.0,1
714,2.0,0,6.0,5.0,0,7.0,9.0,0
715,2.0,0,9.0,5.0,0,10.0,3.0,0
716,5.0,1,3.0,2.0,1,3.0,2.0,1
717,2.0,0,7.0,6.0,0,6.0,8.0,0
718,6.0,1,0.0,2.0,1,1.0,0.0,1
719,1.0,0,5.0,4.0,0,14.0,3.0,0
720,3.0,0,4.0,4.0,0,14.0,7.0,1
721,2.0,0,5.0,4.0,0,12.0,5.0,0
722,2.0,0,5.0,4.0,0,8.0,8.0,0
723,1.0,0,5.0,7.0,0,8.0,7.0,0
724,7.0,1,2.0,2.0,1,0.0,0.0,1
725,0.0,0,5.0,4.0,0,12.0,3.0,0
726,10.0,1,3.0,1.0,1,2.0,2.0,1
727,0.0,0,4.0,6.0,0,10.0,8.0,0
728,3.0,0,9.0,7.0,0,14.0,4.0,0
729,0.0,0,7.0,6.0,0,14.0,7.0,0
732,2.0,0,9.0,6.0,0,10.0,9.0,0
734,0.0,0,5.0,3.0,0,9.0,9.0,0
735,2.0,0,5.0,6.0,0,12.0,3.0,0
737,1.0,0,6.0,4.0,0,13.0,4.0,0
738,10.0,1,2.0,2.0,1,0.0,0.0,1
739,9.0,1,0.0,0.0,1,1.0,0.0,1
740,3.0,0,8.0,5.0,0,7.0,9.0,0
741,6.0,1,1.0,1.0,1,5.0,2.0,1
742,10.0,1,0.0,0.0,1,1.0,2.0,1
743,6.0,1,2.0,1.0,1,3.0,0.0,1
745,3.0,0,4.0,7.0,0,13.0,6.0,0
746,2.0,0,4.0,5.0,0,14.0,9.0,0
747,10.0,1,3.0,0.0,1,0.0,1.0,1
748,0.0,0,6.0,4.0,0,13.0,8.0,0
749,5.0,1,3.0,1.0,1,5.0,0.0,1
750,0.0,0,4.0,4.0,0,14.0,9.0,0
752,0.0,0,8.0,6.0,0,11.0,9.0,0
753,11.0,1,2.0,1.0,1,2.0,1.0,1
754,0.0,0,5.0,4.0,0,12.0,6.0,0
755,7.0,1,2.0,0.0,1,5.0,0.0,1
756,2.0,0,8.0,5.0,0,7.0,3.0,0
759,10.0,1,2.0,0.0,1,0.0,2.0,1
760,3.0,0,5.0,4.0,0,8.0,4.0,0
761,5.0,1,1.0,0.0,1,2.0,2.0,1
762,1.0,0,3.963354474982382,7.0,0,14.0,3.0,0
763,7.0,1,1.0,0.0,1,1.0,2.0,1
764,4.0,1,3.0,2.0,1,2.0,0.0,1
765,0.0,0,6.0,4.0,0,7.0,6.0,0
766,5.0,1,0.0,2.0,1,0.0,0.0,1
767,2.0,0,6.0,5.0,0,13.0,6.0,0
768,10.0,1,1.0,2.0,0,4.0,1.0,1
769,1.0,0,3.963354474982382,4.0,0,10.0,7.0,0
771,2.0,0,5.0,6.0,0,13.0,4.0,0
772,3.0,0,6.0,4.0,0,6.0,8.0,0
773,3.0,0,6.0,7.0,0,13.0,6.0,0
774,4.0,1,2.0,2.0,1,0.0,0.0,1
775,6.0,1,0.0,0.0,1,4.0,1.0,1
776,4.505816002819881,0,6.0,5.0,0,12.0,7.0,0
777,6.0,1,0.0,1.0,1,0.0,2.0,1
778,10.0,1,2.0,1.0,1,1.0,2.0,1
779,0.0,0,9.0,6.0,0,7.0,6.0,0
780,1.0,0,9.0,4.0,0,12.0,4.0,0
781,11.0,1,0.0,1.0,1,2.0,0.0,1
783,6.0,1,3.0,1.0,1,2.0,1.0,1
784,10.0,1,1.0,0.0,1,1.0,2.0,1
785,7.0,1,3.0,2.0,1,5.0,0.0,1
786,8.0,0,1.0,1.0,1,3.0,2.0,1
787,11.0,1,0.0,1.0,1,0.0,1.0,1
789,1.0,0,5.0,5.0,0,9.0,5.0,0
790,2.0,0,7.0,4.0,0,12.0,7.0,1
791,2.0,0,4.0,5.0,0,8.0,5.0,0
792,5.0,1,2.0,1.0,1,1.0,1.0,1
794,4.0,1,2.0,2.0,1,4.0,0.0,1
796,6.0,1,2.0,2.0,1,0.0,1.0,1
797,3.0,0,7.0,4.0,0,10.0,9.0,1
798,3.0,0,8.0,6.0,0,9.0,8.0,0
800,4.0,1,1.0,1.0,1,1.0,0.0,1
801,6.0,1,3.0,0.0,1,0.0,1.0,1
802,10.0,1,3.0,2.0,1,3.0,1.0,0
803,0.0,0,4.0,4.0,0,10.0,9.0,0
804,2.0,0,9.0,5.0,0,9.0,9.0,0
808,1.0,0,4.0,7.0,0,11.0,8.0,0
810,0.0,0,8.0,5.0,0,7.0,8.0,0
811,2.0,0,9.0,7.0,0,14.0,3.0,0
812,3.0,0,9.0,4.0,0,13.0,5.0,0
813,9.0,1,2.0,0.0,1,0.0,0.0,1
814,9.0,1,3.0,2.0,1,5.0,1.0,1
815,7.0,1,3.0,0.0,1,1.0,1.0,1
816,7.0,1,0.0,1.0,1,0.0,0.0,0
817,4.0,1,0.0,1.0,1,0.0,0.0,1
818,3.0,0,5.0,3.0,0,12.0,4.0,0
819,4.505816002819881,1,2.0,1.0,1,5.0,1.0,1
820,5.0,1,2.0,1.0,1,1.0,2.0,1
821,3.0,0,4.0,7.0,0,8.0,5.0,0
822,9.0,1,0.0,1.0,1,0.0,2.0,1
823,2.0,0,4.0,5.0,0,13.0,4.0,0
825,10.0,1,2.0,1.0,1,1.0,1.0,1
826,1.0,0,6.0,6.0,0,14.0,6.0,0
828,3.0,0,7.0,4.0,0,14.0,7.0,0
831,11.0,1,2.0,1.0,1,5.0,1.0,1
832,6.0,1,1.0,0.0,1,0.0,2.0,1
833,2.0,0,7.0,5.0,0,8.0,5.0,0
834,8.0,1,0.0,1.0,1,0.0,2.0,1
835,7.0,1,0.0,1.0,1,4.0,2.0,1
837,3.0,0,7.0,7.0,0,7.0,3.0,0
838,6.0,1,3.0,0.0,1,3.0,1.0,1
839,0.0,0,5.0,7.0,0,9.0,4.0,0
840,2.0,0,5.0,7.0,0,11.0,9.0,0
841,1.0,0,6.0,6.0,0,11.0,7.0,0
842,3.0,0,6.0,4.0,0,7.0,3.564726631393298,0
843,2.0,0,4.0,6.0,0,13.0,6.0,0
844,3.0,0,9.0,6.0,0,7.0,9.0,0
845,0.0,0,8.0,5.0,0,14.0,8.0,0
846,1.0,0,7.0,4.0,0,13.0,9.0,0
848,2.0,0,4.0,4.0,0,7.0,5.0,0
849,8.0,1,0.0,2.0,1,0.0,0.0,1
850,2.0,0,6.0,5.0,0,8.0,8.0,0
851,1.0,0,5.0,4.0,0,14.0,3.0,1
853,4.0,1,3.0,1.0,1,3.0,0.0,1
854,6.0,1,0.0,2.0,1,4.0,0.0,1
855,0.0,0,4.0,7.0,0,13.0,6.0,0
856,2.0,0,9.0,7.0,0,9.0,4.0,0
858,0.0,0,4.0,6.0,0,8.0,8.0,0
863,4.0,1,2.0,2.0,1,2.0,1.0,1
867,0.0,0,8.0,7.0,0,11.0,7.0,0
868,2.0,0,9.0,6.0,0,7.0,3.0,0
870,9.0,1,1.0,1.0,1,0.0,1.0,1
871,11.0,1,2.0,0.0,1,3.0,2.0,0
873,4.0,1,2.0,2.0,1,5.0,0.0,0
874,11.0,1,0.0,0.0,1,1.0,1.0,1
875,3.0,0,5.0,5.0,0,11.0,9.0,0
876,0.0,0,4.0,4.0,0,14.0,7.0,0
877,0.0,0,8.0,4.0,0,14.0,5.0,0
878,3.0,0,5.0,4.0,0,11.0,8.0,0
879,3.0,0,9.0,3.0,0,11.0,4.0,0
880,5.0,1,0.0,0.0,1,2.0,0.0,1
881,6.0,1,0.0,1.0,1,5.0,2.0,1
882,4.0,1,0.0,2.0,1,0.0,1.0,0
883,2.0,0,8.0,6.0,0,14.0,3.0,1
884,0.0,0,4.0,6.0,0,11.0,4.0,0
885,2.0,0,6.0,7.0,0,7.0,8.0,0
886,4.0,1,2.0,0.0,1,1.0,1.0,0
887,1.0,0,7.0,4.0,0,14.0,6.0,0
888,8.0,1,1.0,0.0,1,3.0,2.0,0
889,2.0,0,9.0,5.0,0,7.0,6.0,0
890,6.0,1,2.0,0.0,1,4.0,2.0,1
891,6.0,1,2.0,2.0,1,4.0,2.0,1
892,4.0,1,3.0,2.0,1,2.0,2.0,0
893,7.0,0,0.0,0.0,1,5.0,2.0,1
894,5.0,1,1.0,0.0,1,3.0,0.0,1
895,3.0,0,9.0,6.0,0,8.0,4.0,0
896,7.0,1,1.0,1.0,1,1.0,0.0,1
897,8.0,1,3.0,1.0,1,0.0,1.0,1
898,6.0,1,2.0,2.0,1,3.0,1.0,1
900,0.0,0,5.0,7.0,0,9.0,6.0,0
901,7.0,1,1.0,2.0,1,5.0,0.0,1
903,2.0,0,8.0,6.0,0,11.0,8.0,0
905,2.0,0,5.0,7.0,0,14.0,7.0,0
906,5.0,1,3.0,0.0,0,1.0,2.0,1
908,5.0,1,0.0,1.0,1,6.268862911795962,1.0,1
910,4.0,1,2.0,1.0,1,0.0,2.0,1
911,8.0,1,3.963354474982382,1.0,1,4.0,2.0,1
912,2.0,0,7.0,6.0,0,14.0,8.0,1
913,8.0,1,0.0,0.0,1,5.0,0.0,1
914,1.0,0,6.0,6.0,0,10.0,4.0,0
915,2.0,0,5.0,5.0,0,12.0,3.0,0
916,4.0,1,2.0,2.0,1,3.0,1.0,1
919,4.0,1,3.0,2.0,1,0.0,0.0,1
920,2.0,0,9.0,4.0,0,12.0,6.0,0
921,8.0,1,0.0,1.0,1,3.0,0.0,1
922,3.0,0,6.0,7.0,0,10.0,8.0,0
923,3.0,0,5.0,6.0,0,11.0,6.0,0
924,0.0,0,5.0,6.0,0,11.0,8.0,0
926,2.0,0,5.0,6.0,0,9.0,8.0,1
927,7.0,1,1.0,0.0,1,4.0,0.0,1
929,9.0,0,0.0,2.0,1,3.0,0.0,1
931,2.0,0,7.0,6.0,0,13.0,8.0,0
932,0.0,0,7.0,7.0,0,13.0,6.0,1
934,1.0,0,5.0,7.0,0,12.0,3.0,0
935,0.0,0,7.0,5.0,0,9.0,4.0,0
937,1.0,0,4.0,4.0,0,7.0,5.0,0
938,0.0,0,4.0,4.0,0,8.0,6.0,0
939,9.0,1,2.0,1.0,1,3.0,1.0,1
940,2.0,0,9.0,6.0,0,11.0,5.0,0
941,2.0,0,9.0,7.0,0,10.0,6.0,0
942,5.0,1,3.0,2.0,1,0.0,1.0,1
944,11.0,1,1.0,1.0,1,5.0,1.0,1
945,2.0,0,7.0,5.0,0,14.0,9.0,0
946,0.0,0,6.0,5.0,0,7.0,5.0,0
947,5.0,1,1.0,1.0,1,1.0,0.0,1
948,4.505816002819881,0,4.0,4.0,0,11.0,3.0,1
949,7.0,1,2.0,1.0,1,0.0,3.564726631393298,1
950,3.0,0,9.0,5.0,0,9.0,5.0,1
951,2.0,0,4.0,5.0,0,14.0,7.0,1
953,2.0,0,7.0,4.0,0,9.0,4.0,0
954,0.0,0,7.0,6.0,0,11.0,7.0,0
955,2.0,0,9.0,5.0,0,12.0,5.0,0
957,1.0,0,4.0,5.0,0,7.0,7.0,0
958,2.0,0,4.0,6.0,0,8.0,3.0,0
959,6.0,1,0.0,0.0,1,3.0,1.0,1
961,7.0,1,3.0,2.0,1,0.0,0.0,1
963,10.0,1,1.0,2.0,1,4.0,2.0,1
965,3.0,0,9.0,5.0,0,12.0,7.0,0
967,1.0,0,9.0,6.0,0,10.0,8.0,0
968,1.0,0,8.0,5.0,0,12.0,4.0,0
969,3.0,0,8.0,4.0,0,10.0,4.0,0
970,1.0,0,8.0,4.0,0,10.0,4.0,0
972,3.0,0,3.963354474982382,6.0,0,10.0,6.0,0
973,3.0,0,8.0,5.0,0,9.0,4.0,0
974,7.0,1,3.0,1.0,1,2.0,0.0,1
975,0.0,0,7.0,4.0,0,11.0,4.0,0
976,8.0,1,1.0,0.0,1,0.0,0.0,1
977,11.0,1,0.0,0.0,1,0.0,0.0,0
979,1.0,0,5.0,7.0,0,13.0,7.0,0
980,7.0,1,2.0,2.0,1,1.0,2.0,1
981,1.0,0,4.0,6.0,0,6.0,6.0,0
982,2.0,0,8.0,6.0,0,10.0,6.0,0
983,4.0,1,2.0,0.0,1,4.0,0.0,1
984,2.0,0,6.0,4.0,0,8.0,5.0,1
985,11.0,1,0.0,0.0,1,3.0,0.0,1
986,11.0,1,1.0,2.0,1,5.0,2.0,1
987,3.0,0,6.0,6.0,0,8.0,6.0,0
988,6.0,1,2.0,1.0,1,6.268862911795962,0.0,1
989,9.0,1,1.0,1.0,1,5.0,2.0,1
993,0.0,0,4.0,4.0,0,12.0,8.0,0
994,10.0,1,1.0,1.0,1,4.0,2.0,1
995,3.0,0,5.0,5.0,0,10.0,9.0,0
997,10.0,1,0.0,0.0,1,2.0,1.0,1
998,7.0,1,1.0,0.0,1,1.0,1.0,1
999,3.0,0,9.0,7.0,0,10.0,6.0,0
1000,11.0,1,2.0,1.0,1,0.0,0.0,1
1001,2.0,0,5.0,7.0,0,12.0,9.0,0
1002,4.0,1,3.0,0.0,1,1.0,0.0,1
1003,0.0,0,9.0,4.0,0,13.0,8.0,1
1004,3.0,0,3.963354474982382,6.0,0,12.0,6.0,0
1005,3.0,0,6.0,7.0,0,11.0,3.564726631393298,0
1006,6.0,1,0.0,1.0,1,3.0,0.0,1
1007,0.0,0,5.0,5.0,0,10.0,9.0,0
1009,11.0,1,3.0,0.0,1,5.0,2.0,1
1010,0.0,0,8.0,4.0,0,13.0,5.0,0
1012,2.0,0,7.0,6.0,0,14.0,7.0,0
1013,10.0,1,3.0,1.0,1,1.0,0.0,1
1014,7.0,1,0.0,2.0,1,0.0,2.0,1
1015,11.0,1,3.0,1.0,1,1.0,2.0,1
1016,0.0,0,5.0,4.0,0,12.0,5.0,0
1017,6.0,1,1.0,0.0,1,6.268862911795962,0.0,1
1018,4.505816002819881,0,7.0,5.0,0,11.0,6.0,0
1019,4.0,1,1.0,1.0,1,0.0,1.0,1
1020,8.0,1,0.0,2.0,1,2.0,2.0,1
1021,10.0,1,1.0,2.0,1,4.0,1.0,1
1024,9.0,1,0.0,1.0,1,4.0,1.0,1
1025,1.0,0,9.0,3.0,0,14.0,7.0,0
1026,7.0,1,0.0,2.0,1,3.0,0.0,1
1028,7.0,1,3.0,1.0,1,1.0,1.0,1
1029,1.0,0,6.0,6.0,0,8.0,3.0,0
1030,2.0,0,9.0,6.0,0,11.0,7.0,0
1031,7.0,1,1.0,1.0,1,5.0,0.0,1
1032,10.0,1,3.0,2.0,1,4.0,1.0,1
1033,10.0,1,0.0,2.0,1,0.0,1.0,1
1034,10.0,1,3.0,0.0,1,2.0,2.0,1
1036,8.0,1,0.0,0.0,1,5.0,2.0,1
1039,7.0,1,0.0,1.0,1,1.0,2.0,1
1040,0.0,0,6.0,4.0,0,11.0,7.0,0
1041,1.0,0,4.0,6.0,0,8.0,7.0,1
1042,2.0,0,5.0,6.0,0,8.0,7.0,0
1043,8.0,1,3.0,0.0,1,3.0,0.0,1
1044,0.0,0,5.0,7.0,0,10.0,6.0,0
1045,9.0,1,1.0,1.0,1,1.0,2.0,1
1046,0.0,0,4.0,7.0,0,11.0,3.0,0
1047,1.0,0,9.0,7.0,0,14.0,9.0,0
1048,7.0,1,3.0,0.0,1,3.0,0.0,0
1049,9.0,0,3.0,1.0,1,5.0,1.0,1
1051,11.0,1,1.0,1.0,1,1.0,0.0,1
1052,0.0,0,9.0,7.0,0,14.0,7.0,0
1053,7.0,1,3.0,2.0,1,3.0,1.0,1
1054,1.0,0,6.0,4.0,0,10.0,6.0,0
1056,10.0,0,1.0,2.0,1,3.0,2.0,1
1057,3.0,0,8.0,5.0,0,13.0,8.0,0
1058,4.0,1,0.0,1.0,1,4.0,1.0,1
1060,3.0,0,4.0,6.0,0,8.0,3.0,0
1061,8.0,1,3.0,0.0,1,4.0,0.0,1
1062,0.0,0,5.0,4.0,0,9.0,9.0,0
1063,5.0,1,0.0,2.0,1,5.0,2.0,1
1064,0.0,0,4.0,7.0,0,7.0,6.0,0
1065,1.0,0,6.0,4.0,0,12.0,8.0,0
1066,0.0,0,4.0,5.0,0,11.0,8.0,0
1067,9.0,1,1.0,0.0,1,1.0,0.0,1
1068,8.0,1,1.0,1.0,1,0.0,1.0,1
1069,5.0,1,1.0,2.0,1,4.0,2.0,1
1071,1.0,0,6.0,7.0,0,8.0,9.0,0
1072,0.0,0,8.0,7.0,0,9.0,8.0,0
1074,1.0,0,7.0,7.0,0,14.0,4.0,0
1075,3.0,0,5.0,4.0,0,7.0,3.0,0
1076,3.0,0,9.0,6.0,0,13.0,6.0,0
1077,0.0,0,5.0,7.0,0,8.0,8.0,0
1078,10.0,1,3.0,2.0,1,0.0,2.0,1
1079,5.0,1,2.0,3.0,1,4.0,3.564726631393298,1
1080,2.0,0,7.0,5.0,0,13.0,6.0,0
1081,7.0,1,0.0,0.0,1,4.0,2.0,1
1084,10.0,1,3.0,2.0,1,4.0,2.0,1
1085,6.0,1,1.0,2.0,1,5.0,0.0,1
1086,3.0,0,4.0,6.0,0,13.0,7.0,0
1088,9.0,1,1.0,1.0,1,2.0,0.0,1
1089,3.0,0,6.0,5.0,0,12.0,3.0,0
1090,2.0,0,8.0,6.0,0,10.0,7.0,0
1091,9.0,1,0.0,1.0,1,3.0,1.0,1
1092,1.0,0,6.0,6.0,0,10.0,3.0,0
1093,2.0,0,4.0,7.0,0,14.0,6.0,0
1094,1.0,0,5.0,5.0,0,10.0,5.0,0
1095,0.0,0,7.0,4.0,0,14.0,6.0,0
1096,1.0,0,5.0,5.0,0,8.0,6.0,0
1097,4.505816002819881,0,4.0,6.0,0,7.0,9.0,0
1098,7.0,1,3.0,0.0,1,4.0,1.0,1
1099,9.0,1,2.0,1.0,1,1.0,0.0,1
1101,2.0,0,7.0,5.0,0,14.0,5.0,1
1102,2.0,0,5.0,5.0,0,14.0,9.0,0
1103,11.0,1,3.0,1.0,1,0.0,0.0,1
1104,7.0,1,2.0,1.0,1,2.0,2.0,1
1105,4.0,1,3.0,0.0,1,1.0,1.0,1
1106,2.0,0,7.0,6.0,0,12.0,8.0,1
1107,0.0,0,7.0,7.0,0,6.0,9.0,0
1108,10.0,1,3.0,2.0,1,2.0,1.0,1
1109,4.0,1,2.0,1.0,1,4.0,2.0,1
1110,0.0,0,8.0,4.0,0,9.0,8.0,0
1111,3.0,0,7.0,4.0,0,12.0,3.0,0
1112,2.0,0,7.0,4.0,0,7.0,5.0,0
1114,6.0,1,2.0,1.0,1,5.0,1.0,1
1116,6.0,1,1.0,2.0,1,5.0,2.0,1
1117,7.0,1,0.0,0.0,1,5.0,1.0,1
1118,9.0,1,2.0,1.0,1,0.0,2.0,1
1119,9.0,1,2.0,2.0,1,1.0,2.0,1
1121,0.0,0,6.0,7.0,0,12.0,3.0,0
1122,3.0,0,6.0,6.0,0,9.0,8.0,0
1123,3.0,0,9.0,4.0,0,9.0,3.0,0
1124,1.0,0,4.0,7.0,0,6.0,6.0,0
1125,0.0,0,9.0,6.0,0,10.0,5.0,0
1126,0.0,0,6.0,5.0,0,14.0,6.0,0
1127,6.0,1,3.0,1.0,1,0.0,0.0,1
1129,0.0,0,9.0,7.0,0,8.0,5.0,0
1130,11.0,1,1.0,1.0,1,4.0,2.0,1
1131,0.0,0,8.0,7.0,0,9.0,7.0,0
1132,2.0,0,7.0,4.0,0,10.0,7.0,0
1133,4.0,1,0.0,0.0,1,3.0,2.0,1
1134,0.0,0,5.0,7.0,0,6.0,7.0,0
1135,2.0,0,7.0,5.0,0,14.0,5.0,0
1136,4.505816002819881,1,3.0,0.0,1,5.0,0.0,1
1137,6.0,1,1.0,0.0,1,4.0,2.0,0
1138,7.0,1,2.0,2.0,1,3.0,1.0,1
1140,3.0,0,5.0,6.0,0,12.0,3.0,0
1141,0.0,0,9.0,5.0,0,11.0,3.0,0
1142,5.0,1,0.0,0.0,1,3.0,1.0,1
1143,1.0,0,6.0,7.0,0,8.0,6.0,1
1144,5.0,1,0.0,0.0,1,4.0,0.0,1
1146,3.0,0,4.0,4.0,0,11.0,3.0,0
1147,1.0,0,4.0,5.0,0,13.0,5.0,0
1149,8.0,1,3.963354474982382,0.0,1,5.0,1.0,1
1150,6.0,1,1.0,1.0,1,0.0,0.0,1
1151,3.0,0,8.0,4.0,0,14.0,3.0,0
1153,10.0,1,0.0,2.0,1,4.0,2.0,1
1154,1.0,0,6.0,6.0,0,6.0,6.0,0
1155,2.0,0,7.0,7.0,0,13.0,7.0,0
1156,8.0,1,0.0,0.0,1,0.0,0.0,1
1157,5.0,1,2.0,1.0,1,4.0,0.0,1
1158,6.0,1,1.0,2.0,1,5.0,0.0,0
1160,1.0,0,5.0,7.0,0,6.0,9.0,0
1161,3.0,0,5.0,4.0,0,8.0,9.0,0
1162,3.0,0,7.0,4.0,0,6.0,6.0,0
1163,5.0,1,2.0,2.0,1,0.0,2.0,1
1164,5.0,1,2.0,0.0,1,0.0,1.0,1
1165,1.0,0,6.0,6.0,0,7.0,5.0,0
1169,0.0,0,4.0,5.0,0,8.0,5.0,1
1170,0.0,0,8.0,6.0,0,10.0,7.0,0
1171,9.0,1,0.0,2.0,1,0.0,2.0,1
1172,11.0,1,0.0,1.0,1,3.0,0.0,0
1175,9.0,1,3.0,1.0,1,2.0,2.0,1
1176,3.0,0,7.0,6.0,0,14.0,9.0,0
1177,2.0,0,6.0,7.0,0,14.0,8.0,0
1178,7.0,1,3.0,0.0,1,1.0,0.0,1
1179,10.0,1,3.0,0.0,1,0.0,0.0,1
1180,2.0,0,7.0,6.0,0,7.0,6.0,0
1181,6.0,1,2.0,2.0,1,2.0,1.0,1
1182,2.0,0,4.0,4.0,0,11.0,7.0,0
1183,11.0,1,1.0,1.0,1,0.0,2.0,1
1185,1.0,0,6.0,6.0,0,9.0,4.0,1
1186,2.0,0,9.0,5.0,0,8.0,4.0,0
1187,9.0,1,2.0,0.0,1,4.0,1.0,1
1188,1.0,0,8.0,5.0,0,10.0,4.0,0
1189,7.0,1,0.0,2.0,1,5.0,1.0,0
1190,3.0,0,4.0,4.0,0,9.0,3.0,0
1191,8.0,1,3.0,1.0,1,3.0,0.0,1
1192,0.0,0,4.0,4.0,0,7.0,7.0,1
1193,1.0,0,8.0,6.0,0,12.0,5.0,0
1194,6.0,1,1.0,1.0,1,4.0,2.0,1
1195,1.0,0,4.0,4.0,0,10.0,6.0,0
1196,6.0,1,2.0,2.0,1,0.0,2.0,0
1197,3.0,0,8.0,6.0,0,7.0,5.0,0
1198,7.0,1,2.0,0.0,1,0.0,2.0,1
1199,3.0,0,5.0,7.0,0,11.0,3.0,1
1200,11.0,1,1.0,2.0,1,4.0,2.0,1
1201,8.0,1,3.0,0.0,1,0.0,0.0,1
1202,3.0,0,9.0,6.0,0,10.0,4.0,0
1204,9.0,1,2.0,2.0,1,3.0,0.0,1
1205,4.0,1,3.0,0.0,1,5.0,1.0,1
1206,7.0,1,1.0,0.0,1,2.0,2.0,1
1207,5.0,1,3.0,1.0,1,1.0,1.0,0
1208,2.0,0,4.0,5.0,0,13.0,9.0,0
1209,10.0,1,2.0,2.0,1,0.0,2.0,1
1210,5.0,1,0.0,2.0,1,4.0,1.0,1
1211,6.0,1,1.0,2.0,1,3.0,2.0,0
1212,8.0,1,2.0,2.0,1,0.0,0.0,1
1214,2.0,0,9.0,6.0,0,10.0,7.0,0
1215,10.0,1,1.0,0.0,1,1.0,1.0,1
1216,4.505816002819881,0,9.0,6.0,0,8.0,8.0,0
1217,5.0,1,1.0,1.0,1,4.0,1.0,1
1218,0.0,0,6.0,7.0,0,14.0,8.0,0
1219,2.0,0,6.0,6.0,0,7.0,4.0,0
1220,0.0,0,9.0,6.0,0,8.0,3.0,0
1221,7.0,1,0.0,3.0,1,0.0,2.0,1
1222,0.0,0,8.0,7.0,0,13.0,7.0,0
1223,3.0,0,4.0,6.0,0,6.0,6.0,0
1224,2.0,0,5.0,6.0,0,13.0,9.0,0
1225,4.0,1,1.0,1.0,1,5.0,1.0,1
1226,10.0,1,1.0,2.0,1,2.0,2.0,1
1227,9.0,1,3.0,0.0,1,4.0,1.0,1
1228,0.0,0,8.0,6.0,0,11.0,4.0,0
1229,3.0,0,4.0,6.0,0,7.0,4.0,0
1230,3.0,0,9.0,7.0,0,7.0,4.0,0
1231,5.0,1,0.0,2.0,1,3.0,1.0,1
1233,10.0,1,2.0,1.0,1,4.0,2.0,1
1234,0.0,0,4.0,4.0,0,14.0,8.0,0
1235,8.0,1,0.0,0.0,1,2.0,0.0,1
1236,2.0,0,4.0,4.0,0,11.0,9.0,0
1237,4.0,1,2.0,2.0,1,5.0,1.0,1
1239,1.0,0,5.0,7.0,0,9.0,7.0,0
1240,11.0,1,2.0,1.0,1,5.0,2.0,1
1241,3.0,0,8.0,6.0,0,12.0,4.0,0
1243,2.0,0,6.0,4.0,0,6.0,9.0,0
1244,0.0,0,4.0,5.0,0,7.0,8.0,1
1245,1.0,0,4.0,6.0,0,13.0,4.0,0
1246,11.0,1,0.0,1.0,1,4.0,0.0,1
1247,11.0,1,0.0,2.0,1,0.0,0.0,1
1248,2.0,0,6.0,4.0,0,7.0,6.0,0
1249,3.0,0,3.963354474982382,5.0,0,8.0,7.0,0
1251,6.0,1,0.0,0.0,1,1.0,2.0,1
1252,5.0,0,0.0,0.0,1,3.0,2.0,1
1256,2.0,0,4.0,5.0,0,14.0,7.0,0
1257,7.0,1,2.0,2.0,1,3.0,0.0,1
1258,5.0,1,0.0,0.0,1,5.0,2.0,1
1259,3.0,0,4.0,6.0,0,7.0,8.0,0
1260,2.0,0,7.0,4.0,0,12.0,3.0,0
1261,8.0,1,1.0,0.0,1,4.0,2.0,1
1262,1.0,0,4.0,4.0,0,11.0,5.0,0
1263,1.0,0,9.0,4.0,0,9.0,7.0,0
1264,10.0,1,0.0,0.0,1,6.268862911795962,0.0,1
1265,3.0,0,7.0,5.0,0,8.0,6.0,0
1266,9.0,1,3.0,0.0,1,3.0,1.0,1
1267,9.0,1,0.0,0.0,1,3.0,2.0,1
1268,6.0,1,0.0,0.0,1,0.0,1.0,1
1269,4.505816002819881,1,1.0,0.0,1,3.0,2.0,0
1270,0.0,0,5.0,5.0,0,10.0,8.0,0
1271,3.0,0,5.0,5.0,0,6.0,6.0,0
1272,9.0,1,1.0,2.0,1,0.0,2.0,0
1273,10.0,1,1.0,0.0,1,3.0,1.0,1
1274,3.0,0,8.0,6.0,0,14.0,6.0,0
1275,1.0,0,7.0,5.0,0,11.0,3.0,0
1276,7.0,1,2.0,2.0,1,0.0,1.0,1
1277,3.0,0,6.0,5.0,0,10.0,4.0,0
1278,6.0,1,2.0,1.0,1,0.0,1.0,1
1279,8.0,1,1.0,2.0,1,4.0,0.0,1
1280,4.0,1,2.0,1.0,0,3.0,0.0,1
1281,9.0,1,3.0,2.0,1,4.0,0.0,0
1282,10.0,1,3.0,2.0,1,2.0,0.0,1
1283,3.0,0,6.0,7.0,0,6.0,9.0,0
1284,0.0,0,8.0,5.0,0,9.0,5.0,0
1285,0.0,0,4.0,4.0,0,7.0,4.0,0
1286,7.0,1,0.0,2.0,1,3.0,2.0,1
1287,7.0,1,3.963354474982382,1.0,1,0.0,2.0,1
1288,8.0,1,3.0,1.0,1,2.0,2.0,1
1290,2.0,0,5.0,7.0,0,12.0,4.0,0
1291,4.0,1,1.0,0.0,1,1.0,2.0,1
1292,8.0,1,2.0,2.0,1,4.0,0.0,1
1293,3.0,0,7.0,6.0,0,6.0,3.0,0
1294,10.0,1,3.0,1.0,1,5.0,0.0,1
1295,10.0,1,2.0,0.0,1,5.0,1.0,1
1296,5.0,0,0.0,1.0,1,4.0,0.0,1
1297,6.0,1,3.0,1.0,1,0.0,1.0,1
1299,0.0,0,9.0,5.0,0,11.0,8.0,0
1300,1.0,0,9.0,5.0,0,8.0,8.0,0
1301,9.0,1,0.0,0.0,1,2.0,0.0,1
1302,0.0,0,6.0,4.0,0,7.0,5.0,0
1303,2.0,0,7.0,7.0,0,11.0,3.0,0
1305,1.0,0,9.0,4.0,0,10.0,3.0,0
1306,1.0,0,6.0,6.0,0,12.0,8.0,1
1307,1.0,0,5.0,5.0,0,11.0,6.0,0
1308,7.0,1,2.0,0.0,1,2.0,0.0,1
1309,1.0,0,4.0,6.0,0,10.0,4.0,0
1310,5.0,1,2.0,0.0,1,1.0,1.0,1
1311,3.0,0,7.0,6.0,0,6.0,5.0,0
1312,10.0,1,0.0,2.0,1,3.0,1.0,1
1313,1.0,0,8.0,5.0,0,14.0,7.0,0
1314,1.0,0,7.0,4.0,0,10.0,4.0,0
1316,0.0,0,6.0,4.0,0,8.0,6.0,0
1317,0.0,0,8.0,5.0,0,9.0,3.0,0
1318,1.0,0,6.0,5.0,0,8.0,3.0,0
1319,3.0,0,4.0,4.0,0,12.0,3.0,0
1320,2.0,0,7.0,7.0,0,10.0,8.0,0
1321,2.0,0,3.963354474982382,4.0,0,12.0,5.0,1
1322,1.0,0,9.0,4.0,0,7.0,7.0,0
1323,3.0,0,8.0,7.0,0,10.0,3.564726631393298,0
1324,1.0,0,7.0,4.0,0,7.0,3.0,0
1325,5.0,1,1.0,0.0,1,3.0,2.0,1
1326,5.0,1,2.0,2.0,1,0.0,0.0,1
1327,0.0,0,5.0,4.0,0,6.0,8.0,0
1328,1.0,0,8.0,4.0,0,9.0,7.0,0
1331,3.0,0,5.0,7.0,0,10.0,7.0,0
1332,9.0,1,3.0,2.0,1,1.0,2.0,1
1333,5.0,0,3.0,0.0,1,4.0,0.0,1
1334,11.0,1,2.0,2.0,1,5.0,1.0,1
1335,0.0,0,6.0,7.0,0,8.0,7.0,0
1337,0.0,0,7.0,5.0,0,13.0,4.0,0
1338,3.0,0,6.0,5.0,0,14.0,3.0,0
1340,2.0,0,9.0,4.0,0,14.0,3.0,0
1341,8.0,1,0.0,1.0,1,5.0,0.0,1
1342,0.0,0,5.0,7.0,0,12.0,9.0,0
1343,1.0,0,8.0,4.0,0,9.0,5.0,0
1344,11.0,1,2.0,1.0,1,3.0,1.0,0
1345,6.0,1,2.0,2.0,1,0.0,0.0,1
1346,0.0,0,5.0,5.0,0,10.0,3.0,0
1348,1.0,0,6.0,6.0,0,11.0,6.0,0
1349,2.0,0,9.0,4.0,0,11.0,7.0,0
1350,3.0,0,4.0,7.0,0,12.0,9.0,0
1351,1.0,0,5.0,7.0,0,7.0,9.0,0
1352,1.0,0,4.0,4.0,0,11.0,3.0,0
1353,0.0,0,7.0,7.0,0,9.0,9.0,0
1354,4.0,1,2.0,0.0,1,4.0,1.0,1
1355,0.0,0,4.0,3.0,0,14.0,5.0,0
1356,7.0,1,0.0,0.0,1,1.0,2.0,1
1360,0.0,0,8.0,5.0,0,11.0,6.0,0
1361,3.0,0,8.0,6.0,0,6.0,9.0,0
1362,0.0,0,7.0,7.0,0,6.268862911795962,3.0,0
1363,0.0,0,6.0,5.0,0,9.0,6.0,0
1364,5.0,1,0.0,2.0,1,2.0,2.0,1
1365,11.0,1,1.0,1.0,1,0.0,1.0,1
1366,5.0,1,0.0,2.0,1,3.0,2.0,0
1367,0.0,0,6.0,5.0,0,14.0,3.0,0
1368,0.0,0,6.0,4.0,0,6.0,7.0,0
1369,2.0,0,9.0,7.0,0,8.0,5.0,0
1373,3.0,0,9.0,7.0,0,12.0,5.0,1
1375,5.0,1,3.0,0.0,1,0.0,1.0,1
1376,8.0,1,2.0,0.0,1,2.0,0.0,0
1377,1.0,0,4.0,4.0,0,14.0,6.0,0
1378,9.0,1,0.0,1.0,1,2.0,0.0,1
1379,9.0,1,1.0,0.0,1,2.0,1.0,1
1380,8.0,1,2.0,1.0,1,5.0,2.0,1
1381,2.0,0,7.0,4.0,0,9.0,8.0,0
1382,10.0,1,2.0,2.0,1,5.0,2.0,0
1383,6.0,1,3.0,1.0,1,4.0,0.0,1
1384,3.0,0,5.0,6.0,0,14.0,3.0,0
1385,3.0,0,5.0,5.0,0,6.0,4.0,0
1386,1.0,0,5.0,4.0,0,14.0,7.0,0
1387,5.0,1,1.0,0.0,1,0.0,3.564726631393298,1
1388,0.0,0,7.0,6.0,0,8.0,4.0,0
1389,5.0,1,0.0,2.0,1,1.0,1.0,1
1392,4.0,1,1.0,2.0,1,3.0,2.0,1
1394,1.0,0,6.0,5.0,0,14.0,3.0,0
1395,11.0,1,3.0,1.0,1,0.0,2.0,1
1397,6.0,1,1.0,0.0,1,1.0,0.0,1
1398,2.0,0,6.0,5.0,0,8.0,7.0,0
1399,2.0,0,9.0,7.0,0,7.0,8.0,0
1400,11.0,1,1.0,1.0,1,4.0,0.0,1
1401,0.0,0,5.0,3.0,0,9.0,4.0,0
1402,3.0,0,8.0,5.0,0,8.0,9.0,0
1403,2.0,0,9.0,4.0,0,6.0,6.0,0
1404,2.0,0,9.0,5.0,0,13.0,7.0,1
1405,6.0,1,2.0,2.0,1,5.0,2.0,1
1407,11.0,1,0.0,1.0,1,1.0,2.0,0
1409,3.0,0,9.0,5.0,0,7.0,4.0,0
1410,7.0,1,1.0,1.0,1,2.0,0.0,1
1411,0.0,0,7.0,4.0,0,13.0,8.0,0
1412,2.0,0,7.0,4.0,0,11.0,7.0,0
1413,10.0,1,2.0,2.0,1,1.0,1.0,1
1415,5.0,1,2.0,2.0,1,5.0,2.0,1
1416,9.0,1,3.963354474982382,0.0,1,4.0,0.0,1
1417,1.0,0,4.0,5.0,0,14.0,4.0,0
1418,4.0,1,0.0,1.0,1,1.0,1.0,1
1420,1.0,0,4.0,4.0,0,7.0,6.0,0
1421,5.0,1,0.0,2.0,0,2.0,0.0,1
1422,10.0,1,0.0,2.0,1,4.0,1.0,1
1423,4.0,1,2.0,0.0,1,1.0,1.0,1
1424,11.0,1,3.963354474982382,2.0,1,3.0,2.0,1
1425,3.0,0,6.0,4.0,0,13.0,8.0,0
1426,8.0,1,0.0,0.0,1,1.0,1.0,1
1427,3.0,0,6.0,5.0,0,9.0,4.0,0
1428,2.0,0,5.0,4.0,0,11.0,3.0,0
1429,4.0,1,2.0,2.0,1,4.0,1.0,1
1430,2.0,0,7.0,4.0,0,10.0,4.0,0
1431,11.0,1,2.0,0.0,1,4.0,0.0,1
1432,4.0,1,3.0,2.0,1,1.0,0.0,1
1433,8.0,1,0.0,0.0,1,1.0,2.0,0
1436,11.0,1,1.0,2.0,1,4.0,0.0,1
1437,5.0,1,2.0,1.0,1,6.268862911795962,2.0,1
1438,3.0,0,5.0,4.0,0,5.0,5.0,0
1439,2.0,0,8.0,7.0,0,14.0,7.0,1
1440,7.0,1,1.0,0.0,1,5.0,0.0,1
1441,2.0,0,4.0,5.0,0,14.0,8.0,0
1442,9.0,1,0.0,2.0,1,4.0,0.0,1
1443,3.0,0,7.0,6.0,0,8.0,5.0,0
1444,11.0,1,1.0,3.0,1,4.0,2.0,1
1445,3.0,0,9.0,3.0,0,8.0,6.0,0
1446,4.0,1,0.0,1.0,1,5.0,3.564726631393298,1
1447,1.0,0,5.0,6.0,0,11.0,3.0,0
1448,0.0,0,7.0,4.0,0,8.0,4.0,0
1449,8.0,1,1.0,0.0,1,2.0,0.0,1
1450,1.0,0,4.0,3.0,0,6.0,5.0,0
1451,0.0,0,4.0,3.0,0,15.0,5.0,0
1452,3.0,0,9.0,5.0,0,14.0,6.0,0
1453,1.0,0,9.0,5.0,0,10.0,5.0,0
1454,2.0,0,9.0,6.0,0,9.0,6.0,0
1455,1.0,0,7.0,5.0,0,6.268862911795962,4.0,0
1456,9.0,1,3.963354474982382,0.0,1,3.0,1.0,1
1457,11.0,1,1.0,1.0,1,3.0,2.0,1
1458,7.0,0,1.0,0.0,1,5.0,2.0,1
1459,5.0,1,2.0,1.0,1,3.0,1.0,1
1460,9.0,1,3.0,1.0,1,2.0,0.0,1
1461,5.0,1,0.0,0.0,0,1.0,2.0,1
1462,1.0,0,4.0,4.0,0,10.0,3.564726631393298,0
1464,9.0,1,0.0,3.0,1,5.0,1.0,1
1465,3.0,0,8.0,4.0,0,8.0,3.0,0
1466,10.0,1,3.0,3.0,1,4.0,0.0,1
1467,2.0,0,9.0,6.0,0,6.0,7.0,0
1468,7.0,1,2.0,1.0,1,5.0,2.0,1
1469,1.0,0,5.0,6.0,0,11.0,5.0,0
1470,2.0,0,6.0,3.0,0,7.0,4.0,0
1471,5.0,1,0.0,1.0,1,3.0,1.0,1
1472,8.0,1,2.0,2.0,1,1.0,2.0,1
1473,2.0,0,4.0,5.0,0,9.0,3.0,0
1474,3.0,0,9.0,4.0,0,7.0,3.564726631393298,0
1475,3.0,0,7.0,3.0,0,8.0,6.0,0
1476,2.0,0,4.0,3.0,0,11.0,6.0,0
1478,4.505816002819881,1,3.0,2.0,1,5.0,2.0,1
1479,10.0,1,2.0,1.0,1,5.0,0.0,1
1480,1.0,0,8.0,4.0,0,11.0,4.0,0
1481,1.0,0,6.0,3.0,0,10.0,8.0,0
1482,10.0,1,0.0,1.0,1,2.0,2.0,1
1483,8.0,1,0.0,0.0,1,5.0,3.564726631393298,1
1484,5.0,1,0.0,0.0,0,5.0,1.0,1
1485,8.0,1,3.963354474982382,0.0,1,3.0,0.0,1
1486,3.0,0,6.0,5.0,0,9.0,6.0,0
1487,3.0,0,8.0,4.0,0,8.0,4.0,0
1488,3.0,0,7.0,4.0,0,12.0,5.0,0
1489,0.0,0,8.0,6.0,0,10.0,4.0,0
1491,3.0,0,4.0,6.0,0,13.0,3.0,0
1492,0.0,0,5.0,6.0,0,5.0,4.0,0
1493,1.0,0,5.0,6.0,0,12.0,7.0,0
1494,3.0,0,6.0,5.0,0,6.0,5.0,0
1495,1.0,0,4.0,5.0,0,6.268862911795962,6.0,0
1496,2.0,0,8.0,5.0,0,9.0,6.0,0
1497,2.0,0,9.0,5.0,0,10.0,9.0,1
1499,11.0,1,2.0,0.0,1,6.268862911795962,0.0,1
1500,11.0,1,1.0,2.0,0,4.0,2.0,1
1501,3.0,0,6.0,5.0,0,7.0,6.0,0
1502,4.505816002819881,1,2.0,1.0,1,5.0,0.0,1
1503,1.0,0,9.0,6.0,0,12.0,4.0,0
1504,1.0,0,7.0,3.0,0,12.0,3.0,0
1507,0.0,0,4.0,3.0,0,14.0,9.0,0
1509,7.0,1,3.0,2.0,1,2.0,1.0,1
1511,6.0,1,1.0,2.0,1,1.0,1.0,1
1512,2.0,0,4.0,3.0,0,6.268862911795962,5.0,0
1513,1.0,0,7.0,4.0,0,13.0,4.0,0
1514,4.505816002819881,0,7.0,4.0,0,8.0,7.0,0
1515,3.0,0,6.0,4.0,0,5.0,7.0,0
1516,2.0,0,5.0,6.0,0,11.0,9.0,0
1517,4.0,0,3.0,0.0,0,2.0,0.0,1
1519,3.0,0,9.0,5.0,0,11.0,6.0,0
1520,3.0,0,6.0,6.0,0,10.0,8.0,0
1521,2.0,0,4.0,4.0,0,6.0,4.0,0
1522,8.0,1,0.0,2.0,0,4.0,2.0,1
1524,11.0,1,3.0,0.0,1,3.0,0.0,1
1525,8.0,1,0.0,2.0,1,3.0,2.0,1
1526,9.0,1,0.0,0.0,1,2.0,1.0,0
1529,7.0,1,1.0,1.0,1,2.0,1.0,0
1530,5.0,1,0.0,1.0,1,3.0,2.0,1
1531,5.0,1,0.0,0.0,1,1.0,1.0,1
1532,5.0,1,1.0,1.0,1,4.0,3.564726631393298,1
1533,9.0,1,1.0,0.0,1,2.0,0.0,1
1534,0.0,0,7.0,5.0,0,7.0,9.0,0
1535,10.0,1,1.0,2.0,1,5.0,1.0,1
1536,3.0,0,8.0,3.0,0,8.0,3.564726631393298,0
1537,3.0,0,9.0,5.0,0,14.0,7.0,0
1538,9.0,1,0.0,1.0,1,5.0,1.0,1
1539,1.0,0,9.0,6.0,0,13.0,7.0,0
1540,3.0,0,4.0,5.0,0,11.0,3.564726631393298,0
1541,8.0,1,1.0,2.0,1,5.0,1.0,1
1542,2.0,0,7.0,6.0,0,12.0,8.0,0
1543,11.0,1,1.0,1.0,1,2.0,2.0,1
1545,9.0,1,2.0,1.0,1,5.0,1.0,1
1546,1.0,0,9.0,3.0,0,8.0,5.0,0
1547,3.0,0,8.0,6.0,0,11.0,3.0,0
1548,10.0,1,0.0,1.0,1,4.0,0.0,1
1549,6.0,1,3.0,2.0,1,3.0,0.0,1
1550,3.0,0,9.0,3.0,0,5.0,3.0,0
1551,9.0,1,3.0,2.0,1,3.0,2.0,1
1552,1.0,0,8.0,7.0,0,14.0,6.0,1
1553,2.0,0,4.0,4.0,0,9.0,3.0,0
1554,4.505816002819881,0,8.0,4.0,0,6.0,5.0,0
1557,4.505816002819881,0,3.963354474982382,5.0,0,14.0,5.0,0
1558,8.0,1,0.0,0.0,1,4.0,0.0,1
1559,0.0,0,5.0,6.0,0,9.0,6.0,0
1560,9.0,1,1.0,1.0,1,2.0,2.0,1
1561,8.0,1,1.0,2.0,1,1.0,0.0,0
1562,1.0,0,9.0,6.0,0,13.0,9.0,0
1563,3.0,0,4.0,6.0,0,9.0,8.0,0
1564,11.0,1,3.0,1.0,1,4.0,2.0,1
1565,2.0,0,7.0,4.0,0,12.0,4.0,0
1566,11.0,1,3.0,1.0,1,2.0,0.0,1
1568,7.0,1,1.0,1.0,1,3.0,0.0,1
1569,0.0,0,7.0,4.0,0,5.0,5.0,0
1570,2.0,0,9.0,5.0,0,6.0,5.0,0
1571,7.0,1,3.0,2.0,1,5.0,1.0,1
1572,1.0,0,7.0,6.0,0,13.0,7.0,0
1574,2.0,0,5.0,3.0,0,12.0,3.0,0
1576,4.505816002819881,0,4.0,3.0,0,6.0,7.0,0
1577,7.0,1,2.0,1.0,1,1.0,2.0,1
1578,1.0,0,4.0,3.0,0,12.0,7.0,0
1579,8.0,1,1.0,1.0,1,3.0,0.0,1
1580,10.0,1,3.963354474982382,0.0,1,1.0,1.0,1
1581,2.0,0,8.0,6.0,0,14.0,9.0,1
1582,1.0,0,8.0,3.0,0,6.0,8.0,0
1583,3.0,0,4.0,4.0,0,14.0,4.0,0
1584,11.0,1,3.0,2.0,1,5.0,2.0,1
1585,1.0,0,7.0,6.0,0,6.268862911795962,8.0,0
1586,3.0,0,6.0,4.0,0,7.0,5.0,0
1587,2.0,0,4.0,6.0,0,11.0,7.0,0
1588,3.0,0,5.0,5.0,0,8.0,8.0,0
1589,7.0,1,1.0,2.0,1,5.0,2.0,1
1590,9.0,1,3.0,1.0,1,3.0,0.0,1
1591,0.0,0,5.0,6.0,0,14.0,3.0,0
1592,2.0,0,5.0,3.0,0,12.0,8.0,0
1593,2.0,0,7.0,3.0,0,14.0,6.0,0
1594,6.0,1,1.0,2.0,1,4.0,2.0,1
1595,4.0,1,2.0,1.0,1,3.0,2.0,1
1596,11.0,1,0.0,2.0,1,3.0,0.0,0
1598,0.0,0,8.0,6.0,0,11.0,3.0,0
1599,9.0,1,1.0,0.0,1,2.0,0.0,0
1600,3.0,0,7.0,4.0,0,6.0,9.0,0
1601,11.0,1,2.0,0.0,1,3.0,2.0,1
1602,5.0,1,2.0,1.0,1,1.0,0.0,1
1603,2.0,0,8.0,6.0,0,15.0,7.0,0
1604,3.0,0,9.0,4.0,0,10.0,5.0,0
1605,11.0,1,0.0,2.0,1,1.0,2.0,1
1606,8.0,1,2.0,0.0,1,5.0,1.0,1
1607,0.0,0,5.0,6.0,0,10.0,4.0,0
1609,4.505816002819881,1,2.0,0.0,1,4.0,0.0,1
1610,3.0,0,5.0,4.0,0,9.0,5.0,0
1611,0.0,0,7.0,3.0,0,13.0,6.0,0
1612,1.0,0,5.0,4.0,0,7.0,6.0,0
1613,4.505816002819881,0,0.0,2.0,1,6.268862911795962,2.0,1
1614,3.0,0,7.0,3.0,0,9.0,4.0,0
1616,7.0,1,3.0,1.0,1,1.0,0.0,1
1617,2.0,0,7.0,4.0,0,13.0,5.0,0
1618,2.0,0,3.963354474982382,4.0,0,15.0,3.0,0
1619,10.0,1,0.0,0.0,1,2.0,1.0,0
1620,2.0,0,9.0,5.0,0,6.268862911795962,5.0,0
1621,0.0,0,7.0,3.0,0,6.0,3.564726631393298,0
1622,6.0,1,3.0,2.0,1,1.0,3.564726631393298,1
1623,11.0,1,2.0,2.0,1,3.0,1.0,1
1624,4.0,1,2.0,1.0,1,5.0,2.0,1
1625,4.0,1,0.0,0.0,1,6.268862911795962,3.564726631393298,1
1626,3.0,0,7.0,3.0,0,11.0,3.0,0
1627,4.505816002819881,1,3.0,0.0,1,2.0,3.564726631393298,1
1628,0.0,0,9.0,5.0,0,15.0,9.0,0
1629,2.0,0,6.0,4.0,0,6.268862911795962,8.0,0
1630,1.0,0,9.0,6.0,0,9.0,8.0,0
1631,4.505816002819881,0,6.0,3.0,0,15.0,6.0,0
1632,0.0,0,3.963354474982382,6.0,0,12.0,8.0,0
1633,4.505816002819881,0,9.0,5.0,0,10.0,3.0,0
1634,6.0,1,3.963354474982382,3.0,1,3.0,1.0,1
1635,2.0,0,4.0,6.0,0,8.0,7.0,0
1636,10.0,1,1.0,2.0,1,1.0,2.0,1
1637,7.0,1,2.0,0.0,1,4.0,2.0,1
1639,8.0,0,0.0,0.0,1,1.0,0.0,1
1640,8.0,1,0.0,0.0,1,2.0,1.0,0
1641,2.0,0,4.0,5.0,0,13.0,6.0,0
1643,4.0,1,0.0,3.0,1,1.0,2.0,1
1644,10.0,1,2.0,0.0,1,1.0,1.0,1
1645,3.0,0,6.0,5.0,0,6.0,7.0,0
1646,10.0,1,0.0,0.0,1,4.0,0.0,1
1647,2.0,0,7.0,3.0,0,9.0,7.0,0
1648,0.0,0,8.0,3.0,0,8.0,5.0,0
1649,7.0,1,2.0,1.0,1,1.0,2.0,0
1651,10.0,1,2.0,0.0,1,3.0,1.0,1
1652,3.0,0,8.0,4.0,0,12.0,7.0,0
1653,6.0,1,1.0,0.0,0,5.0,2.0,1
1654,7.0,1,2.0,2.0,1,4.0,1.0,1
1655,7.0,1,2.0,0.0,1,2.0,1.0,0
1656,1.0,0,5.0,5.0,0,11.0,3.0,0
1657,0.0,0,9.0,4.0,0,10.0,3.0,0
1659,6.0,1,3.0,2.0,1,4.0,1.0,1
1660,4.505816002819881,0,4.0,3.0,0,5.0,5.0,0
1661,10.0,1,0.0,1.0,1,3.0,2.0,0
1662,8.0,1,0.0,1.0,1,1.0,1.0,1
1663,0.0,0,9.0,6.0,0,15.0,6.0,0
1664,3.0,0,4.0,4.0,0,11.0,7.0,0
1666,1.0,0,9.0,3.0,0,6.268862911795962,7.0,0
1667,0.0,0,4.0,3.0,0,12.0,7.0,0
1668,6.0,1,2.0,2.0,1,1.0,2.0,1
1669,8.0,1,3.0,2.0,1,3.0,2.0,1
1670,0.0,0,9.0,3.0,0,5.0,6.0,0
1671,2.0,0,7.0,6.0,0,12.0,7.0,0
1672,4.505816002819881,0,8.0,6.0,0,5.0,7.0,0
1674,2.0,0,9.0,5.0,0,11.0,3.0,0
1675,2.0,0,7.0,4.0,0,6.0,4.0,0
1677,0.0,0,6.0,5.0,0,12.0,6.0,0
1678,0.0,0,4.0,6.0,0,14.0,5.0,0
1679,2.0,0,4.0,5.0,0,6.268862911795962,9.0,0
1680,0.0,0,4.0,4.0,0,6.0,5.0,0
1681,6.0,1,0.0,1.0,1,2.0,2.0,1
1682,9.0,1,0.0,0.0,1,4.0,2.0,1
1683,7.0,1,1.0,3.0,0,5.0,1.0,1
1684,0.0,0,9.0,5.0,0,12.0,4.0,0
1685,4.0,1,0.0,1.0,1,4.0,3.564726631393298,1
1686,6.0,1,0.0,2.0,1,5.0,2.0,1
1688,10.0,1,0.0,2.0,1,6.268862911795962,1.0,1
1689,3.0,0,8.0,4.0,0,15.0,4.0,0
1690,7.0,1,2.0,0.0,1,1.0,0.0,1
1692,3.0,0,6.0,5.0,0,13.0,9.0,0
1693,10.0,1,3.0,2.0,1,2.0,2.0,1
1694,4.0,1,1.0,0.0,1,2.0,0.0,1
1695,2.0,0,7.0,3.0,0,12.0,3.0,0
1696,0.0,0,7.0,5.0,0,14.0,6.0,0
1697,5.0,0,3.0,2.0,1,3.0,2.0,1
1698,2.0,0,6.0,4.0,0,15.0,3.0,0
1699,4.0,1,1.0,0.0,1,2.0,1.0,1
1701,0.0,0,9.0,6.0,0,12.0,5.0,0
1702,2.0,0,6.0,3.0,0,6.268862911795962,4.0,0
1703,2.0,0,9.0,4.0,0,15.0,5.0,0
1705,0.0,0,8.0,4.0,0,14.0,7.0,0
1706,1.0,0,8.0,3.0,0,14.0,6.0,0
1710,7.0,1,0.0,0.0,1,1.0,0.0,1
1711,8.0,1,1.0,0.0,1,5.0,2.0,1
1713,3.0,0,8.0,5.0,0,14.0,3.0,0
1714,4.505816002819881,0,9.0,5.0,0,9.0,6.0,0
1715,2.0,0,7.0,5.0,0,5.0,6.0,0
1716,10.0,1,3.0,0.0,1,3.0,0.0,1
1717,0.0,0,6.0,7.0,0,13.0,9.0,1
1718,8.0,1,0.0,2.0,1,4.0,1.0,1
1719,11.0,1,1.0,0.0,1,2.0,2.0,1
1720,0.0,0,8.0,6.0,0,9.0,3.0,0
1721,11.0,1,0.0,0.0,1,2.0,2.0,0
1722,3.0,0,6.0,3.0,0,6.0,5.0,0
1723,9.0,1,3.963354474982382,2.0,1,4.0,1.0,1
1724,0.0,0,9.0,5.0,0,11.0,6.0,0
1725,0.0,0,4.0,6.0,0,8.0,3.0,0
1726,1.0,0,5.0,6.0,0,10.0,3.0,0
1727,2.0,0,6.0,4.0,0,8.0,8.0,0
1728,10.0,1,2.0,1.0,1,4.0,1.0,1
1729,6.0,1,0.0,1.0,1,3.0,2.0,1
1730,11.0,1,0.0,2.0,1,2.0,0.0,1
1731,2.0,0,8.0,4.0,0,15.0,4.0,0
1732,7.0,1,2.0,2.0,1,4.0,2.0,1
1733,8.0,1,2.0,2.0,1,1.0,0.0,1
1734,4.0,1,3.963354474982382,0.0,1,1.0,2.0,1
1735,10.0,1,1.0,2.0,1,3.0,0.0,1
1736,0.0,0,9.0,3.0,0,11.0,4.0,0
1737,3.0,0,9.0,3.0,0,6.268862911795962,5.0,0
1738,2.0,0,9.0,4.0,0,6.268862911795962,8.0,0
1739,8.0,1,3.0,1.0,1,1.0,2.0,1
1740,3.0,0,9.0,3.0,0,7.0,5.0,0
1741,1.0,0,5.0,3.0,0,12.0,9.0,0
1743,8.0,1,0.0,2.0,0,5.0,0.0,1
1744,11.0,1,3.0,0.0,1,4.0,0.0,1
1745,2.0,0,4.0,6.0,0,7.0,4.0,0
1746,2.0,0,4.0,4.0,0,8.0,8.0,0
1747,1.0,0,8.0,6.0,0,12.0,8.0,1
1748,9.0,1,3.0,0.0,1,5.0,1.0,1
1749,0.0,0,8.0,5.0,0,15.0,8.0,0
1750,3.0,0,5.0,6.0,0,5.0,9.0,0
1751,1.0,0,5.0,6.0,0,10.0,6.0,0
1752,1.0,0,5.0,4.0,0,12.0,9.0,0
1754,9.0,1,3.0,1.0,1,3.0,1.0,1
1755,0.0,0,8.0,5.0,0,5.0,3.0,0
1756,4.0,1,1.0,0.0,1,5.0,0.0,1
1757,8.0,1,2.0,2.0,1,2.0,2.0,0
1758,1.0,0,4.0,5.0,0,11.0,8.0,0
1759,10.0,1,0.0,0.0,1,1.0,2.0,0
1760,7.0,1,3.0,1.0,1,2.0,1.0,1
1761,3.0,0,8.0,6.0,0,10.0,8.0,0
1763,3.0,0,5.0,6.0,0,11.0,9.0,0
1764,1.0,0,5.0,4.0,0,12.0,4.0,0
1765,10.0,1,2.0,0.0,1,4.0,0.0,1
1766,2.0,0,4.0,5.0,0,5.0,4.0,0
1767,0.0,0,5.0,4.0,0,10.0,8.0,0
1768,0.0,0,8.0,7.0,0,11.0,7.0,1
1769,8.0,1,3.0,0.0,1,5.0,2.0,1
1770,4.0,1,3.963354474982382,2.0,1,3.0,0.0,1
1772,6.0,1,0.0,1.0,1,4.0,2.0,1
1773,0.0,0,4.0,4.0,0,11.0,4.0,0
1775,5.0,1,2.0,2.0,1,6.268862911795962,0.0,1
1776,2.0,0,8.0,3.0,0,5.0,6.0,0
1777,6.0,1,0.0,2.0,1,1.0,1.0,1
1778,10.0,1,2.0,1.0,1,3.0,1.0,0
1780,9.0,1,3.0,2.0,1,4.0,0.0,1
1782,0.0,0,7.0,5.0,0,13.0,7.0,0
1783,1.0,0,8.0,3.0,0,8.0,9.0,0
1784,1.0,0,4.0,3.0,0,10.0,5.0,0
1785,1.0,0,9.0,3.0,0,8.0,7.0,0
1788,2.0,0,7.0,4.0,0,9.0,6.0,0
1789,3.0,0,9.0,4.0,0,5.0,6.0,0
1790,11.0,1,1.0,2.0,1,2.0,2.0,0
1791,4.505816002819881,1,0.0,1.0,1,2.0,0.0,1
1792,7.0,1,2.0,0.0,1,2.0,1.0,1
1793,4.505816002819881,0,8.0,4.0,0,12.0,4.0,0
1794,9.0,1,0.0,1.0,1,2.0,3.564726631393298,1
1795,0.0,0,6.0,5.0,0,10.0,3.564726631393298,0
1796,3.0,0,9.0,6.0,0,12.0,7.0,0
1797,6.0,1,0.0,1.0,1,4.0,1.0,1
1798,1.0,0,4.0,6.0,0,11.0,6.0,0
1799,3.0,0,4.0,6.0,0,14.0,6.0,0
1800,6.0,1,1.0,0.0,1,2.0,3.564726631393298,1
1801,2.0,0,9.0,3.0,0,6.0,7.0,0
1802,1.0,0,8.0,3.0,0,5.0,9.0,0
1803,4.505816002819881,0,7.0,3.0,0,15.0,7.0,0
1804,7.0,1,0.0,2.0,1,4.0,2.0,1
1805,10.0,1,2.0,2.0,1,2.0,1.0,0
1806,10.0,1,0.0,0.0,0,3.0,2.0,1
1807,8.0,1,0.0,0.0,1,2.0,1.0,1
1809,5.0,1,3.0,1.0,1,1.0,2.0,1
1810,8.0,1,3.0,1.0,1,3.0,2.0,1
1811,3.0,0,7.0,4.0,0,13.0,3.0,0
1812,2.0,0,5.0,6.0,0,11.0,4.0,0
1814,0.0,0,3.963354474982382,5.0,0,9.0,6.0,0
1815,10.0,1,2.0,2.0,1,3.0,0.0,1
1816,4.0,1,2.0,1.0,1,4.0,0.0,1
1817,10.0,1,2.0,0.0,1,2.0,1.0,1
1818,0.0,0,5.0,3.0,0,8.0,6.0,0
1819,0.0,0,6.0,6.0,0,10.0,3.0,0
1820,1.0,0,3.963354474982382,5.0,0,6.0,9.0,0
1821,3.0,0,8.0,4.0,0,9.0,8.0,0
1822,8.0,1,1.0,1.0,1,2.0,1.0,1
1823,1.0,0,9.0,3.0,0,7.0,8.0,0
1824,9.0,1,0.0,0.0,1,3.0,0.0,1
1825,0.0,0,6.0,3.0,0,6.0,5.0,0
1826,10.0,1,3.0,1.0,1,1.0,2.0,1
1827,3.0,0,6.0,4.0,0,6.268862911795962,6.0,0
1828,6.0,1,0.0,0.0,1,2.0,2.0,1
1829,10.0,1,2.0,1.0,1,2.0,1.0,1
1830,9.0,1,3.0,2.0,1,5.0,2.0,1
1832,0.0,0,5.0,4.0,0,11.0,3.564726631393298,0
1833,5.0,1,3.0,1.0,1,4.0,2.0,1
1836,4.0,1,0.0,1.0,0,6.268862911795962,0.0,1
1837,3.0,0,7.0,4.0,0,15.0,7.0,0
1838,3.0,0,5.0,6.0,0,12.0,3.564726631393298,0
1839,2.0,0,8.0,6.0,0,10.0,9.0,1
1840,4.0,1,0.0,2.0,1,4.0,0.0,1
1841,0.0,0,5.0,6.0,0,13.0,8.0,0
1842,11.0,1,2.0,2.0,1,2.0,2.0,1
1843,4.505816002819881,1,3.0,0.0,1,5.0,2.0,1
1844,0.0,0,6.0,6.0,0,8.0,7.0,0
1845,1.0,0,6.0,5.0,0,6.268862911795962,9.0,0
1846,2.0,0,5.0,4.0,0,5.0,4.0,0
1847,0.0,0,7.0,3.0,0,8.0,7.0,0
1848,6.0,1,1.0,0.0,1,2.0,0.0,1
1849,5.0,1,1.0,0.0,1,4.0,2.0,1
1850,1.0,0,6.0,5.0,0,13.0,3.0,0
1851,0.0,0,5.0,3.0,0,5.0,8.0,0
1852,5.0,1,3.0,3.0,1,1.0,0.0,1
1853,3.0,0,8.0,6.0,0,15.0,5.0,0
1854,8.0,1,2.0,1.0,1,6.268862911795962,2.0,1
1855,0.0,0,7.0,5.0,0,11.0,9.0,0
1856,5.0,1,3.0,0.0,1,5.0,1.0,1
1857,7.0,1,2.0,1.0,1,4.0,2.0,1
1858,5.0,1,3.0,0.0,1,5.0,0.0,1
1859,0.0,0,7.0,7.0,0,14.0,8.0,1
1860,2.0,0,9.0,5.0,0,14.0,7.0,1
1861,0.0,0,6.0,5.0,0,12.0,5.0,0
1862,3.0,0,8.0,6.0,0,6.0,7.0,0
1863,3.0,0,5.0,6.0,0,7.0,4.0,0
1864,0.0,0,4.0,5.0,0,9.0,6.0,0
1865,10.0,1,0.0,0.0,1,5.0,3.564726631393298,1
1866,4.0,1,0.0,0.0,1,1.0,1.0,1
1867,1.0,0,8.0,3.0,0,14.0,9.0,0
1869,3.0,0,6.0,4.0,0,8.0,6.0,0
1870,7.0,1,1.0,2.0,1,4.0,2.0,1
1872,5.0,1,1.0,1.0,1,5.0,0.0,1
1873,3.0,0,6.0,5.0,0,13.0,8.0,0
1874,3.0,0,6.0,5.0,0,10.0,6.0,0
1875,2.0,0,9.0,3.0,0,10.0,3.564726631393298,0
1876,11.0,1,0.0,2.0,1,2.0,1.0,1
1877,3.0,0,6.0,4.0,0,13.0,3.0,0
1878,2.0,0,5.0,4.0,0,13.0,3.0,0
1879,3.0,0,7.0,5.0,0,13.0,5.0,0
1880,0.0,0,8.0,4.0,0,5.0,3.0,0
1881,2.0,0,4.0,5.0,0,8.0,3.0,0
1882,4.0,1,2.0,1.0,1,3.0,1.0,1
1883,7.0,1,1.0,1.0,1,3.0,0.0,0
1884,9.0,1,0.0,1.0,1,4.0,0.0,0
1885,7.0,1,2.0,2.0,1,3.0,1.0,0
1886,6.0,1,0.0,2.0,1,1.0,2.0,1
1888,1.0,0,7.0,6.0,0,6.268862911795962,4.0,0
1889,11.0,1,0.0,2.0,1,3.0,1.0,0
1890,11.0,1,1.0,1.0,1,1.0,1.0,1
1891,1.0,0,8.0,5.0,0,8.0,5.0,0
1892,2.0,0,6.0,7.0,0,9.0,5.0,1
1893,4.0,1,3.0,2.0,1,5.0,0.0,1
1895,6.0,1,2.0,2.0,0,3.0,1.0,1
1896,0.0,0,7.0,5.0,0,8.0,6.0,0
1897,0.0,0,9.0,6.0,0,9.0,9.0,1
1898,0.0,0,9.0,6.0,0,11.0,5.0,0
1899,1.0,0,6.0,5.0,0,6.0,6.0,0
1900,3.0,0,7.0,3.0,0,5.0,6.0,0
1901,1.0,0,3.963354474982382,5.0,0,9.0,5.0,0
1902,4.505816002819881,1,0.0,1.0,1,1.0,0.0,1
1903,0.0,0,7.0,4.0,0,9.0,8.0,0
1904,3.0,0,6.0,3.0,0,6.0,3.0,0
1905,6.0,1,1.0,0.0,1,6.268862911795962,1.0,1
1906,1.0,0,7.0,3.0,0,8.0,8.0,0
1907,2.0,0,9.0,5.0,0,7.0,8.0,0
1908,0.0,0,7.0,3.0,0,12.0,4.0,0
1909,2.0,0,5.0,3.0,0,13.0,4.0,0
1910,1.0,0,8.0,4.0,0,5.0,4.0,0
1912,0.0,0,8.0,4.0,0,14.0,6.0,0
1913,0.0,0,4.0,5.0,0,5.0,6.0,0
1914,10.0,1,2.0,2.0,1,2.0,1.0,1
1915,4.0,0,2.0,1.0,1,4.0,1.0,1
1916,2.0,0,7.0,5.0,0,14.0,7.0,1
1917,8.0,1,2.0,0.0,1,1.0,1.0,0
1918,2.0,0,4.0,4.0,0,8.0,6.0,0
1919,6.0,1,3.0,2.0,1,2.0,1.0,1
1920,0.0,0,3.963354474982382,4.0,0,7.0,8.0,0
1921,10.0,1,2.0,1.0,1,1.0,0.0,1
1922,3.0,0,9.0,3.0,0,15.0,6.0,0
1923,10.0,1,0.0,2.0,1,4.0,1.0,0
1924,2.0,0,5.0,3.0,0,14.0,7.0,0
1925,10.0,1,2.0,1.0,1,3.0,0.0,1
1927,4.505816002819881,1,0.0,0.0,1,4.0,0.0,1
1928,4.0,1,0.0,2.0,1,1.0,0.0,1
1929,3.0,0,6.0,3.0,0,14.0,6.0,0
1930,0.0,0,8.0,4.0,0,14.0,8.0,0
1931,3.0,0,9.0,3.0,0,14.0,4.0,0
1932,2.0,0,9.0,4.0,0,7.0,6.0,0
1933,2.0,0,8.0,5.0,0,13.0,6.0,0
1934,2.0,0,7.0,3.0,0,15.0,3.0,0
1935,2.0,0,5.0,5.0,0,12.0,6.0,0
1936,0.0,0,6.0,3.0,0,13.0,4.0,0
1937,5.0,1,3.0,0.0,1,1.0,0.0,1
1938,10.0,1,2.0,2.0,1,1.0,0.0,1
1939,9.0,1,0.0,2.0,1,2.0,2.0,1
1940,8.0,1,0.0,0.0,1,4.0,0.0,0
1941,2.0,0,5.0,4.0,0,11.0,4.0,0
1942,5.0,1,1.0,2.0,1,3.0,2.0,1
1943,2.0,0,8.0,6.0,0,7.0,4.0,0
1944,1.0,0,4.0,5.0,0,12.0,5.0,0
1945,9.0,1,3.0,3.0,1,2.0,0.0,1
1946,4.0,1,0.0,1.0,1,3.0,0.0,1
1947,2.0,0,4.0,6.0,0,5.0,8.0,0
1948,0.0,0,4.0,4.0,0,12.0,5.0,0
1949,0.0,0,5.0,3.0,0,14.0,5.0,0
1950,2.0,0,7.0,4.0,0,14.0,6.0,0
1951,7.0,1,2.0,0.0,1,3.0,2.0,0
1952,3.0,0,5.0,4.0,0,10.0,5.0,0
1953,1.0,0,4.0,3.0,0,8.0,8.0,0
1954,3.0,0,8.0,5.0,0,10.0,3.564726631393298,0
1956,9.0,1,1.0,0.0,1,1.0,1.0,1
1957,9.0,1,0.0,0.0,1,5.0,0.0,1
1958,1.0,0,7.0,3.0,0,6.0,9.0,0
1959,2.0,0,8.0,5.0,0,8.0,5.0,0
1960,2.0,0,7.0,3.0,0,6.268862911795962,6.0,0
1961,7.0,1,3.0,2.0,1,2.0,2.0,1
1963,8.0,1,2.0,1.0,1,5.0,1.0,1
1964,5.0,1,0.0,1.0,1,2.0,2.0,1
1965,3.0,0,4.0,3.0,0,9.0,7.0,0
1966,0.0,0,7.0,7.0,0,12.0,5.0,1
1967,10.0,1,1.0,0.0,1,5.0,1.0,1
1968,2.0,0,4.0,6.0,0,11.0,5.0,0
1971,3.0,0,8.0,3.0,0,11.0,7.0,0
1973,1.0,0,9.0,4.0,0,5.0,8.0,0
1974,0.0,0,9.0,5.0,0,14.0,5.0,0
1975,7.0,1,2.0,2.0,1,4.0,1.0,0
1977,1.0,0,9.0,5.0,0,7.0,8.0,0
1978,2.0,0,9.0,6.0,0,12.0,5.0,0
1979,8.0,1,0.0,2.0,1,1.0,1.0,1
1980,4.0,1,2.0,2.0,1,2.0,2.0,1
1981,1.0,0,4.0,3.0,0,6.0,4.0,0
1982,2.0,0,8.0,4.0,0,5.0,4.0,0
1983,8.0,1,3.0,2.0,1,5.0,0.0,1
1984,0.0,0,8.0,3.0,0,11.0,4.0,0
1985,4.0,1,2.0,0.0,1,5.0,1.0,1
1986,4.0,1,2.0,2.0,1,2.0,0.0,1
1987,10.0,1,0.0,0.0,1,1.0,1.0,1
1989,6.0,1,2.0,0.0,1,5.0,2.0,1
1990,11.0,1,1.0,0.0,1,4.0,0.0,1
1991,3.0,0,4.0,3.0,0,13.0,3.564726631393298,0
1992,11.0,1,0.0,2.0,1,4.0,2.0,1
1993,9.0,1,0.0,2.0,1,5.0,2.0,1
1994,2.0,0,5.0,3.0,0,7.0,5.0,0
1995,0.0,0,9.0,4.0,0,13.0,4.0,0
1996,2.0,0,5.0,6.0,0,12.0,8.0,0
1997,9.0,1,3.0,2.0,1,6.268862911795962,2.0,1
1998,7.0,1,3.963354474982382,0.0,1,1.0,0.0,1
2002,9.0,1,3.0,2.0,1,4.0,2.0,1
2003,7.0,1,3.0,2.0,1,6.268862911795962,2.0,1
2004,6.0,0,3.0,3.0,1,3.0,1.0,1
2005,9.0,1,3.0,0.0,1,1.0,2.0,1
2006,7.0,1,1.0,0.0,1,1.0,0.0,1
2008,7.0,1,0.0,0.0,1,1.0,2.0,0
2009,0.0,0,6.0,6.0,0,15.0,9.0,0
2010,0.0,0,7.0,7.0,0,11.0,6.0,1
2011,0.0,0,5.0,3.0,0,11.0,9.0,0
2012,2.0,0,8.0,6.0,0,14.0,6.0,0
2013,5.0,1,0.0,0.0,1,2.0,1.0,1
2014,0.0,0,8.0,5.0,0,10.0,5.0,0
2015,10.0,1,0.0,0.0,1,3.0,0.0,0
2016,9.0,1,3.0,3.0,1,4.0,2.0,1
2017,4.505816002819881,1,3.0,0.0,1,2.0,1.0,1
2018,1.0,0,7.0,5.0,0,14.0,9.0,0
2019,8.0,1,2.0,1.0,1,1.0,1.0,0
2021,6.0,1,1.0,0.0,1,1.0,1.0,1
2022,8.0,1,3.0,0.0,1,6.268862911795962,1.0,1
2023,0.0,0,6.0,6.0,0,11.0,8.0,0
2024,1.0,0,8.0,5.0,0,8.0,9.0,0
2025,10.0,1,1.0,1.0,1,5.0,0.0,1
2026,7.0,1,3.0,0.0,1,5.0,2.0,1
2027,1.0,0,9.0,3.0,0,9.0,5.0,0
2029,4.0,1,3.0,3.0,1,3.0,2.0,1
2030,0.0,0,8.0,4.0,0,6.0,4.0,0
2031,3.0,0,6.0,3.0,0,10.0,7.0,0
2032,3.0,0,9.0,6.0,0,15.0,6.0,0
2033,3.0,0,6.0,3.0,0,15.0,3.564726631393298,0
2034,0.0,0,8.0,6.0,0,11.0,5.0,1
2036,2.0,0,7.0,5.0,0,15.0,7.0,0
2037,6.0,1,1.0,2.0,1,4.0,0.0,1
2038,6.0,1,1.0,1.0,1,2.0,0.0,1
2040,6.0,1,2.0,0.0,1,5.0,0.0,1
2041,5.0,1,2.0,0.0,1,4.0,0.0,1
2042,8.0,1,2.0,2.0,1,3.0,1.0,1
2045,3.0,0,8.0,5.0,0,15.0,7.0,0
2046,11.0,1,2.0,2.0,1,1.0,2.0,0
2047,1.0,0,4.0,4.0,0,8.0,8.0,0
2048,0.0,0,9.0,5.0,0,15.0,7.0,0
2049,1.0,0,6.0,5.0,0,10.0,4.0,0
2050,11.0,1,2.0,2.0,1,5.0,0.0,1
2051,2.0,0,4.0,5.0,0,13.0,3.0,0
2052,1.0,0,5.0,4.0,0,7.0,3.0,0
2053,3.0,0,7.0,3.0,0,12.0,6.0,0
2054,9.0,1,1.0,1.0,1,1.0,0.0,1
2055,9.0,1,1.0,1.0,1,4.0,1.0,1
2056,11.0,0,0.0,2.0,1,3.0,2.0,1
2057,10.0,1,3.0,1.0,1,4.0,1.0,1
2058,1.0,0,6.0,6.0,0,12.0,4.0,0
2059,1.0,0,8.0,3.0,0,6.0,7.0,0
2060,4.0,1,1.0,1.0,1,4.0,1.0,1
2061,1.0,0,6.0,6.0,0,12.0,5.0,0
2062,1.0,0,7.0,6.0,0,12.0,4.0,0
2063,9.0,1,0.0,3.0,1,3.0,2.0,1
2064,11.0,1,0.0,2.0,1,3.0,0.0,1
2065,10.0,1,3.0,2.0,1,1.0,2.0,1
2066,6.0,1,3.0,0.0,1,2.0,0.0,1
2067,10.0,1,3.963354474982382,2.0,0,1.0,2.0,1
2068,10.0,1,0.0,1.0,1,4.0,2.0,1
2071,1.0,0,7.0,4.0,0,6.0,5.0,0
2072,7.0,1,1.0,1.0,1,2.0,2.0,1
2073,9.0,1,1.0,1.0,1,1.0,2.0,0
2074,4.0,1,3.0,3.0,1,3.0,1.0,1
2078,3.0,0,5.0,6.0,0,10.0,9.0,0
2079,3.0,0,9.0,4.0,0,11.0,5.0,0
2080,3.0,0,9.0,6.0,0,9.0,8.0,0
2082,10.0,1,0.0,0.0,1,2.0,0.0,1
2083,2.0,0,5.0,3.0,0,12.0,4.0,0
2084,0.0,0,9.0,3.0,0,13.0,4.0,0
2085,11.0,1,2.0,2.0,1,4.0,0.0,0
2086,1.0,0,8.0,3.0,0,13.0,6.0,0
2087,5.0,1,2.0,3.0,1,2.0,0.0,1
2088,3.0,0,4.0,5.0,0,10.0,5.0,0
2089,7.0,1,2.0,0.0,1,3.0,1.0,1
2090,0.0,0,7.0,6.0,0,8.0,5.0,1
2092,0.0,0,4.0,3.0,0,10.0,5.0,0
2093,8.0,1,0.0,1.0,1,4.0,2.0,1
2094,0.0,0,6.0,5.0,0,11.0,5.0,1
2095,2.0,0,9.0,6.0,0,9.0,8.0,0
2096,6.0,1,3.0,2.0,1,5.0,1.0,1
2097,1.0,0,9.0,6.0,0,10.0,9.0,0
2098,11.0,1,1.0,0.0,1,3.0,1.0,1
2099,2.0,0,6.0,6.0,0,5.0,5.0,0
2100,2.0,0,3.963354474982382,5.0,0,9.0,8.0,0
2101,7.0,1,0.0,2.0,1,1.0,2.0,1
2102,9.0,1,0.0,1.0,1,4.0,2.0,1
2103,10.0,1,1.0,0.0,1,5.0,2.0,1
2105,0.0,0,9.0,6.0,0,5.0,3.0,0
2106,0.0,0,7.0,6.0,0,14.0,7.0,1
2107,2.0,0,8.0,3.0,0,12.0,5.0,0
2108,4.505816002819881,1,2.0,2.0,1,5.0,2.0,1
2109,0.0,0,4.0,6.0,0,13.0,7.0,0
2110,8.0,1,1.0,2.0,1,3.0,0.0,0
2112,1.0,0,9.0,4.0,0,15.0,3.564726631393298,0
2113,9.0,1,0.0,2.0,1,1.0,2.0,1
2115,3.0,0,8.0,5.0,0,6.268862911795962,8.0,0
2116,0.0,0,4.0,6.0,0,13.0,8.0,0
2117,2.0,0,4.0,6.0,0,7.0,5.0,0
2118,5.0,1,3.0,0.0,1,4.0,0.0,1
2119,0.0,0,9.0,3.0,0,13.0,5.0,0
2120,1.0,0,7.0,3.0,0,15.0,4.0,0
2121,9.0,1,2.0,2.0,1,3.0,2.0,1
2122,4.0,1,0.0,1.0,1,5.0,0.0,1
2123,7.0,1,2.0,1.0,1,3.0,0.0,0
2124,0.0,0,8.0,6.0,0,7.0,8.0,0
2125,9.0,1,2.0,0.0,1,2.0,1.0,0
2126,6.0,1,3.0,0.0,1,5.0,2.0,1
2127,11.0,1,0.0,1.0,1,1.0,1.0,0
2128,9.0,1,2.0,1.0,1,4.0,1.0,1
2129,9.0,1,2.0,0.0,1,3.0,1.0,1
2130,5.0,1,0.0,2.0,1,6.268862911795962,1.0,1
2131,0.0,0,7.0,4.0,0,5.0,3.0,0
2132,10.0,1,1.0,0.0,1,4.0,1.0,0
2133,3.0,0,6.0,4.0,0,12.0,5.0,0
2134,7.0,1,0.0,1.0,1,2.0,0.0,1
2135,2.0,0,7.0,6.0,0,12.0,4.0,0
2136,7.0,1,1.0,2.0,1,1.0,2.0,1
2137,3.0,0,7.0,3.0,0,12.0,9.0,0
2138,9.0,1,0.0,0.0,1,2.0,2.0,1
2139,5.0,1,3.0,1.0,1,2.0,0.0,1
2140,5.0,1,3.0,1.0,1,3.0,2.0,1
2141,11.0,1,0.0,2.0,1,2.0,2.0,1
2142,3.0,0,4.0,5.0,0,7.0,6.0,0
2143,0.0,0,8.0,6.0,0,14.0,9.0,0
2144,5.0,1,2.0,2.0,1,2.0,2.0,1
2145,3.0,0,4.0,4.0,0,13.0,4.0,0
2147,3.0,0,4.0,6.0,0,10.0,7.0,0
2148,1.0,0,8.0,3.0,0,8.0,8.0,0
2149,8.0,1,0.0,2.0,1,2.0,0.0,0
2150,9.0,1,0.0,0.0,1,1.0,1.0,1
2151,0.0,0,9.0,3.0,0,15.0,3.564726631393298,0
2152,4.505816002819881,0,7.0,5.0,0,6.0,7.0,0
2153,7.0,1,2.0,1.0,1,6.268862911795962,1.0,1
2154,5.0,1,0.0,0.0,1,3.0,0.0,1
2155,3.0,0,8.0,4.0,0,6.268862911795962,9.0,0
2156,0.0,0,6.0,3.0,0,6.268862911795962,7.0,0
2157,0.0,0,4.0,5.0,0,6.0,3.0,0
2158,3.0,0,7.0,5.0,0,15.0,6.0,0
2159,3.0,0,7.0,5.0,0,14.0,7.0,0
2160,6.0,1,3.0,2.0,1,5.0,0.0,1
2161,9.0,1,3.0,1.0,1,1.0,2.0,1
2162,10.0,1,1.0,3.0,1,2.0,2.0,1
2163,2.0,0,7.0,3.0,0,6.268862911795962,9.0,0
2165,0.0,0,5.0,4.0,0,14.0,7.0,0
2166,2.0,0,4.0,4.0,0,10.0,5.0,0
2167,0.0,0,9.0,5.0,0,5.0,3.0,0
2168,9.0,1,1.0,0.0,0,1.0,1.0,1
2169,0.0,0,9.0,3.0,0,10.0,3.564726631393298,0
2170,9.0,1,1.0,2.0,1,5.0,2.0,1
2171,1.0,0,8.0,5.0,0,5.0,9.0,0
2172,2.0,0,8.0,5.0,0,8.0,6.0,1
2173,8.0,1,1.0,1.0,1,1.0,2.0,1
2174,0.0,0,5.0,4.0,0,9.0,4.0,0
2175,7.0,1,1.0,1.0,1,3.0,1.0,1
2176,5.0,1,3.0,0.0,1,1.0,1.0,1
2177,1.0,0,8.0,5.0,0,6.268862911795962,9.0,0
2178,2.0,0,6.0,5.0,0,7.0,3.0,0
2179,2.0,0,6.0,6.0,0,8.0,5.0,0
2180,3.0,0,5.0,6.0,0,12.0,7.0,0
2181,0.0,0,4.0,5.0,0,15.0,4.0,0
2182,4.0,1,2.0,0.0,1,2.0,1.0,1
2183,8.0,0,3.0,2.0,1,4.0,2.0,1
2184,11.0,1,3.0,1.0,1,4.0,0.0,1
2185,10.0,1,2.0,2.0,1,1.0,2.0,0
2186,2.0,0,9.0,6.0,0,12.0,9.0,0
2187,6.0,1,3.963354474982382,0.0,1,5.0,1.0,1
2188,11.0,1,2.0,2.0,1,2.0,0.0,1
2189,0.0,0,6.0,4.0,0,14.0,8.0,0
2190,5.0,1,1.0,0.0,1,5.0,0.0,1
2191,2.0,0,7.0,4.0,0,15.0,8.0,0
2192,0.0,0,3.963354474982382,4.0,0,10.0,4.0,0
2193,0.0,0,9.0,6.0,0,8.0,7.0,0
2195,3.0,0,5.0,6.0,0,13.0,7.0,0
2196,1.0,0,7.0,4.0,0,12.0,5.0,0
2197,2.0,0,6.0,3.0,0,15.0,5.0,0
2198,0.0,0,7.0,5.0,0,8.0,3.0,0
2199,0.0,0,6.0,3.0,0,10.0,8.0,0
2200,2.0,0,9.0,3.0,0,8.0,3.564726631393298,0
2201,11.0,1,2.0,2.0,1,5.0,2.0,1
2202,1.0,0,6.0,3.0,0,11.0,8.0,0
2203,4.505816002819881,0,5.0,3.0,0,15.0,3.0,0
2204,4.0,1,2.0,1.0,1,3.0,0.0,1
2205,2.0,0,8.0,5.0,0,8.0,9.0,0
2206,1.0,0,4.0,6.0,0,6.0,7.0,0
2207,3.0,0,4.0,4.0,0,14.0,3.0,0
2208,1.0,0,7.0,5.0,0,14.0,8.0,1
2210,2.0,0,6.0,3.0,0,9.0,8.0,0
2211,0.0,0,4.0,6.0,0,6.0,6.0,0
2212,4.0,1,1.0,1.0,1,3.0,2.0,1
2213,3.0,0,4.0,5.0,0,6.0,3.564726631393298,0
2214,0.0,0,6.0,4.0,0,10.0,3.0,0
2215,3.0,0,6.0,5.0,0,14.0,6.0,0
2216,3.0,0,8.0,6.0,0,11.0,8.0,0
2217,5.0,1,1.0,2.0,1,3.0,3.564726631393298,1
2218,10.0,1,2.0,2.0,1,4.0,0.0,1
2219,9.0,1,2.0,0.0,1,5.0,0.0,1
2220,3.0,0,7.0,3.0,0,12.0,7.0,0
2221,5.0,1,3.0,1.0,1,5.0,2.0,1
2222,7.0,1,0.0,1.0,1,2.0,2.0,1
2223,8.0,1,3.0,0.0,1,5.0,3.564726631393298,1
2224,2.0,0,7.0,5.0,0,8.0,3.564726631393298,0
2225,0.0,0,5.0,3.0,0,9.0,5.0,0
2226,10.0,0,3.0,0.0,1,4.0,0.0,1
2227,9.0,1,2.0,1.0,1,2.0,0.0,1
2228,1.0,0,7.0,4.0,0,7.0,9.0,0
2230,7.0,1,3.0,2.0,0,4.0,0.0,1
2231,10.0,1,2.0,2.0,1,4.0,2.0,1
2233,5.0,1,0.0,2.0,1,3.0,0.0,1
2234,1.0,0,5.0,3.0,0,6.0,7.0,0
2235,5.0,1,0.0,1.0,1,4.0,2.0,1
2236,1.0,0,9.0,5.0,0,7.0,3.0,0
2237,8.0,1,3.963354474982382,2.0,1,3.0,2.0,1
2238,0.0,0,5.0,5.0,0,6.268862911795962,4.0,0
2239,1.0,0,5.0,6.0,0,12.0,3.0,0
2240,11.0,1,3.0,1.0,1,5.0,2.0,1
2241,2.0,0,4.0,5.0,0,11.0,7.0,0
2242,4.505816002819881,1,2.0,1.0,1,2.0,2.0,1
2243,11.0,1,2.0,0.0,1,4.0,1.0,0
2244,7.0,1,0.0,3.0,1,2.0,1.0,1
2245,4.505816002819881,1,3.0,2.0,1,2.0,2.0,1
2246,11.0,1,1.0,2.0,1,3.0,0.0,1
2247,9.0,1,2.0,0.0,1,1.0,0.0,0
2248,0.0,0,9.0,4.0,0,5.0,4.0,0
2249,3.0,0,9.0,4.0,0,8.0,8.0,0
2250,7.0,1,0.0,0.0,1,2.0,1.0,1
2251,3.0,0,4.0,3.0,0,12.0,3.0,0
2252,9.0,1,1.0,2.0,0,5.0,1.0,1
2253,3.0,0,8.0,4.0,0,13.0,6.0,0
2254,5.0,1,2.0,2.0,1,1.0,1.0,1
2255,11.0,1,1.0,0.0,0,2.0,0.0,1
2257,1.0,0,7.0,5.0,0,6.0,3.0,0
2258,4.505816002819881,0,7.0,6.0,0,12.0,8.0,0
2259,6.0,1,3.963354474982382,2.0,1,1.0,1.0,1
2260,1.0,0,8.0,5.0,0,9.0,6.0,0
2261,7.0,1,0.0,2.0,1,5.0,1.0,1
2262,1.0,0,9.0,3.0,0,6.0,8.0,0
2263,5.0,1,3.0,1.0,1,4.0,1.0,1
2264,11.0,1,1.0,0.0,1,4.0,1.0,1
2265,1.0,0,8.0,6.0,0,12.0,3.0,0
2266,11.0,1,0.0,0.0,1,4.0,1.0,1
2267,9.0,1,2.0,2.0,1,5.0,2.0,1
2269,3.0,0,6.0,4.0,0,11.0,9.0,0
2270,9.0,1,1.0,0.0,1,5.0,2.0,1
2271,9.0,1,3.963354474982382,2.0,1,6.268862911795962,0.0,1
2272,0.0,0,9.0,5.0,0,6.0,7.0,0
2273,8.0,1,2.0,2.0,1,6.268862911795962,1.0,1
2274,10.0,1,2.0,0.0,1,5.0,2.0,1
2275,6.0,1,0.0,3.0,1,5.0,2.0,1
2276,10.0,1,2.0,0.0,1,2.0,1.0,0
2277,1.0,0,4.0,5.0,0,10.0,4.0,0
2278,8.0,1,0.0,2.0,1,1.0,2.0,1
2279,4.0,1,3.0,2.0,1,3.0,2.0,1
2280,10.0,1,3.963354474982382,2.0,1,5.0,1.0,1
2281,1.0,0,6.0,6.0,0,7.0,3.0,0
2282,10.0,1,3.963354474982382,0.0,1,1.0,0.0,1
2284,0.0,0,6.0,6.0,0,7.0,7.0,0
2285,6.0,1,3.0,0.0,1,4.0,0.0,1
2286,2.0,0,7.0,5.0,0,10.0,5.0,0
2287,9.0,1,2.0,0.0,1,3.0,0.0,1
2288,8.0,1,3.0,0.0,1,4.0,2.0,1
2289,8.0,1,0.0,1.0,1,3.0,2.0,1
2290,10.0,1,0.0,0.0,1,3.0,1.0,0
2291,3.0,0,6.0,4.0,0,11.0,5.0,0
2292,0.0,0,7.0,3.0,0,8.0,5.0,0
2293,1.0,0,9.0,5.0,0,14.0,9.0,1
2294,2.0,0,9.0,5.0,0,14.0,4.0,0
2295,6.0,1,2.0,1.0,1,2.0,2.0,1
2296,6.0,1,3.0,1.0,1,4.0,1.0,1
2297,0.0,0,5.0,6.0,0,5.0,5.0,0
2298,11.0,1,3.0,2.0,1,4.0,1.0,1
2299,10.0,1,3.0,2.0,0,3.0,2.0,1
2300,8.0,1,3.0,0.0,1,4.0,1.0,1
2301,9.0,1,1.0,2.0,1,3.0,0.0,1
2302,1.0,0,9.0,5.0,0,8.0,7.0,1
2303,0.0,0,8.0,4.0,0,10.0,3.0,0
2304,7.0,1,3.963354474982382,2.0,1,1.0,2.0,1
2305,1.0,0,5.0,5.0,0,10.0,3.0,0
2306,2.0,0,8.0,3.0,0,6.0,6.0,0
2307,6.0,1,2.0,0.0,1,2.0,0.0,1
2309,9.0,1,2.0,1.0,1,4.0,0.0,1
2310,2.0,0,9.0,4.0,0,8.0,7.0,0
2311,8.0,1,2.0,1.0,1,1.0,2.0,1
2312,1.0,0,5.0,5.0,0,9.0,8.0,0
2313,7.0,1,1.0,1.0,1,1.0,1.0,1
2314,2.0,0,9.0,3.0,0,6.0,3.0,0
2315,4.0,1,1.0,1.0,1,1.0,2.0,1
2316,11.0,1,0.0,1.0,1,3.0,0.0,1
2317,0.0,0,7.0,3.0,0,6.0,6.0,0
2318,0.0,0,7.0,5.0,0,10.0,4.0,0
2319,7.0,1,0.0,2.0,1,2.0,0.0,1
2320,4.505816002819881,0,6.0,3.0,0,12.0,5.0,0
2321,3.0,0,5.0,6.0,0,15.0,5.0,0
2322,9.0,1,2.0,2.0,1,1.0,2.0,0
2323,3.0,0,8.0,6.0,0,7.0,9.0,0
2325,4.0,1,2.0,1.0,0,2.0,2.0,1
2326,4.0,1,3.0,1.0,1,3.0,1.0,1
2327,3.0,0,7.0,4.0,0,8.0,4.0,0
2328,1.0,0,8.0,5.0,0,11.0,7.0,0
2331,2.0,0,8.0,4.0,0,9.0,8.0,0
2332,0.0,0,5.0,3.0,0,14.0,7.0,0
2333,10.0,1,0.0,0.0,1,1.0,0.0,0
2334,4.0,1,1.0,0.0,1,6.268862911795962,2.0,1
2335,8.0,1,0.0,3.0,1,5.0,2.0,1
2336,5.0,1,3.0,2.0,1,5.0,1.0,1
2337,1.0,0,6.0,5.0,0,15.0,4.0,0
2338,7.0,1,1.0,0.0,1,2.0,0.0,1
2339,3.0,0,6.0,5.0,0,14.0,5.0,0
2340,7.0,1,2.0,1.0,1,4.0,0.0,1
2341,1.0,0,8.0,6.0,0,10.0,4.0,0
2342,3.0,0,9.0,4.0,0,13.0,9.0,0
2343,0.0,0,8.0,5.0,0,15.0,9.0,0
2344,9.0,1,2.0,2.0,1,1.0,0.0,1
2345,5.0,1,0.0,1.0,1,5.0,2.0,1
2346,8.0,1,1.0,0.0,1,3.0,1.0,1
2347,2.0,0,5.0,5.0,0,11.0,7.0,0
2348,10.0,1,2.0,0.0,1,2.0,0.0,0
2349,0.0,0,6.0,4.0,0,10.0,7.0,0
2350,0.0,0,6.0,5.0,0,12.0,9.0,0
2351,1.0,0,7.0,3.0,0,8.0,5.0,0
2352,8.0,1,2.0,0.0,1,5.0,2.0,1
2353,3.0,0,4.0,6.0,0,9.0,3.0,0
2354,10.0,1,2.0,2.0,1,2.0,0.0,1
2355,9.0,1,3.0,0.0,1,5.0,0.0,1
2356,1.0,0,6.0,6.0,0,12.0,3.0,0
2357,4.0,1,1.0,0.0,1,1.0,1.0,1
2358,9.0,1,3.0,1.0,1,1.0,0.0,1
2359,2.0,0,6.0,4.0,0,9.0,5.0,0
2360,4.0,1,1.0,1.0,1,5.0,2.0,1
2361,1.0,0,7.0,4.0,0,15.0,6.0,0
2362,10.0,1,0.0,2.0,1,3.0,2.0,1
2363,4.0,1,3.0,0.0,1,4.0,1.0,1
2364,4.0,1,1.0,2.0,1,2.0,1.0,1
2365,11.0,1,3.0,2.0,1,5.0,0.0,1
2366,0.0,0,4.0,6.0,0,10.0,4.0,0
2367,1.0,0,8.0,7.0,0,9.0,5.0,1
2368,4.505816002819881,0,5.0,5.0,0,6.0,9.0,0
2369,0.0,0,6.0,5.0,0,7.0,9.0,0
2371,3.0,0,4.0,3.0,0,7.0,5.0,0
2372,2.0,0,9.0,5.0,0,12.0,8.0,0
2373,2.0,0,6.0,7.0,0,11.0,6.0,1
2374,4.0,1,3.963354474982382,2.0,1,6.268862911795962,0.0,1
2375,9.0,1,0.0,0.0,0,2.0,2.0,1
2376,1.0,0,6.0,6.0,0,6.268862911795962,7.0,0
2377,9.0,1,2.0,1.0,1,4.0,2.0,1
2378,3.0,0,8.0,4.0,0,12.0,6.0,0
2379,2.0,0,9.0,3.0,0,14.0,7.0,0
2380,2.0,0,8.0,5.0,0,10.0,5.0,1
2381,2.0,0,6.0,5.0,0,15.0,4.0,0
2382,10.0,1,2.0,0.0,1,5.0,0.0,1
2383,10.0,1,2.0,2.0,1,5.0,1.0,1
2384,3.0,0,6.0,5.0,0,12.0,5.0,0
2385,1.0,0,5.0,6.0,0,8.0,5.0,0
2386,1.0,0,6.0,3.0,0,9.0,7.0,0
2387,4.0,1,2.0,0.0,1,2.0,0.0,1
2388,8.0,1,0.0,2.0,1,4.0,0.0,1
2389,9.0,1,2.0,2.0,1,3.0,0.0,0
2390,0.0,0,5.0,3.0,0,14.0,4.0,0
2391,0.0,0,9.0,5.0,0,13.0,7.0,0
2392,1.0,0,7.0,7.0,0,9.0,5.0,1
2393,1.0,0,6.0,5.0,0,9.0,5.0,0
2394,4.0,1,3.0,2.0,0,2.0,0.0,1
2395,7.0,1,0.0,0.0,0,3.0,1.0,1
2396,0.0,0,7.0,3.0,0,5.0,6.0,0
2397,9.0,1,2.0,1.0,1,1.0,1.0,1
2398,4.505816002819881,0,6.0,5.0,0,7.0,3.0,0
2399,11.0,1,1.0,3.0,1,1.0,0.0,1
2400,5.0,1,2.0,0.0,1,2.0,2.0,1
2401,1.0,0,5.0,3.0,0,10.0,7.0,0
2402,1.0,0,9.0,6.0,0,13.0,5.0,0
2403,2.0,0,5.0,4.0,0,13.0,6.0,0
2404,1.0,0,7.0,6.0,0,8.0,7.0,0
2405,0.0,0,7.0,5.0,0,12.0,3.0,0
2406,0.0,0,4.0,4.0,0,8.0,3.0,0
2407,3.0,0,6.0,3.0,0,8.0,7.0,0
2408,10.0,1,0.0,2.0,1,2.0,2.0,1
2409,1.0,0,8.0,3.0,0,8.0,4.0,0
2410,8.0,1,1.0,0.0,1,1.0,2.0,1
2411,3.0,0,9.0,6.0,0,13.0,8.0,0
2412,0.0,0,6.0,5.0,0,9.0,7.0,0
2413,2.0,0,7.0,5.0,0,12.0,6.0,1
2414,1.0,0,7.0,6.0,0,13.0,6.0,0
2415,9.0,1,1.0,2.0,1,1.0,2.0,0
2416,10.0,1,2.0,2.0,1,5.0,2.0,1
2417,0.0,0,9.0,4.0,0,6.268862911795962,7.0,0
2418,2.0,0,4.0,5.0,0,6.268862911795962,6.0,0
2419,7.0,1,2.0,0.0,1,5.0,1.0,1
2420,0.0,0,8.0,4.0,0,11.0,6.0,0
2421,5.0,0,2.0,1.0,1,3.0,1.0,1
2422,2.0,0,5.0,5.0,0,10.0,6.0,0
2423,3.0,0,8.0,5.0,0,10.0,5.0,0
2424,3.0,0,6.0,4.0,0,12.0,3.0,0
2425,3.0,0,4.0,6.0,0,11.0,5.0,0
2426,2.0,0,9.0,3.0,0,7.0,8.0,0
2427,3.0,0,9.0,5.0,0,5.0,3.0,0
2428,11.0,1,2.0,1.0,1,3.0,1.0,1
2429,3.0,0,7.0,5.0,0,14.0,3.0,0
2430,10.0,1,3.963354474982382,0.0,1,6.268862911795962,3.564726631393298,1
2431,1.0,0,7.0,3.0,0,10.0,3.564726631393298,0
2432,4.505816002819881,1,1.0,0.0,1,1.0,2.0,1
2433,4.0,1,1.0,2.0,1,2.0,2.0,1
2434,6.0,1,1.0,1.0,1,6.268862911795962,2.0,1
2435,2.0,0,9.0,3.0,0,7.0,4.0,0
2436,11.0,1,0.0,1.0,1,3.0,2.0,1
2438,8.0,1,0.0,0.0,1,4.0,2.0,1
2439,6.0,1,2.0,1.0,1,5.0,2.0,1
2440,2.0,0,4.0,5.0,0,10.0,9.0,0
2441,3.0,0,4.0,5.0,0,15.0,4.0,0
2442,8.0,1,0.0,1.0,1,4.0,0.0,1
2443,0.0,0,6.0,5.0,0,5.0,5.0,0
2444,3.0,0,8.0,6.0,0,7.0,6.0,0
2445,2.0,0,3.963354474982382,5.0,0,8.0,8.0,0
2446,10.0,1,3.0,0.0,1,6.268862911795962,2.0,1
2447,2.0,0,9.0,6.0,0,10.0,6.0,1
2448,1.0,0,9.0,4.0,0,10.0,5.0,0
2449,4.505816002819881,1,1.0,2.0,1,3.0,1.0,1
2450,2.0,0,8.0,3.0,0,6.0,7.0,0
2451,3.0,0,9.0,6.0,0,5.0,7.0,0
2452,0.0,0,5.0,4.0,0,13.0,7.0,0
2453,1.0,0,5.0,4.0,0,11.0,7.0,0
2454,2.0,0,8.0,3.0,0,10.0,8.0,0
2455,0.0,0,6.0,6.0,0,13.0,6.0,1
2457,0.0,0,9.0,5.0,0,14.0,9.0,1
2458,1.0,0,6.0,3.0,0,6.0,4.0,0
2459,3.0,0,4.0,5.0,0,5.0,4.0,0
2460,2.0,0,5.0,6.0,0,9.0,9.0,0
2461,1.0,0,9.0,4.0,0,5.0,9.0,0
2462,0.0,0,8.0,3.0,0,8.0,3.564726631393298,0
2463,4.0,1,0.0,0.0,1,5.0,1.0,1
2464,4.0,1,1.0,0.0,1,3.0,1.0,1
2465,3.0,0,9.0,4.0,0,6.0,9.0,0
2466,8.0,1,1.0,2.0,1,1.0,1.0,1
2467,10.0,1,0.0,2.0,1,1.0,0.0,1
2468,11.0,1,3.0,0.0,1,2.0,2.0,1
2469,6.0,1,2.0,0.0,1,6.268862911795962,1.0,1
2470,4.0,1,2.0,1.0,1,2.0,2.0,1
2471,5.0,1,1.0,0.0,1,5.0,1.0,1
2472,9.0,1,0.0,0.0,1,5.0,2.0,1
2473,10.0,1,0.0,1.0,1,1.0,2.0,1
2474,1.0,0,9.0,5.0,0,14.0,4.0,0
2475,5.0,1,3.963354474982382,2.0,1,2.0,1.0,1
2476,10.0,1,3.0,1.0,1,2.0,0.0,1
2477,3.0,0,9.0,3.0,0,8.0,4.0,0
2478,0.0,0,8.0,7.0,0,13.0,9.0,1
2479,0.0,0,6.0,5.0,0,14.0,5.0,0
2480,3.0,0,6.0,4.0,0,8.0,5.0,0
2481,9.0,1,3.0,0.0,1,1.0,0.0,1
2482,11.0,1,3.0,2.0,1,3.0,1.0,1
2483,8.0,1,1.0,0.0,1,1.0,0.0,0
2484,1.0,0,8.0,4.0,0,15.0,6.0,0
2485,9.0,1,0.0,2.0,1,1.0,1.0,1
2486,11.0,1,1.0,2.0,1,3.0,1.0,0
2487,5.0,1,0.0,1.0,1,1.0,2.0,1
2488,1.0,0,9.0,5.0,0,12.0,9.0,0
2489,4.505816002819881,1,0.0,1.0,1,3.0,1.0,1
2490,0.0,0,4.0,6.0,0,9.0,7.0,0
2491,1.0,0,8.0,3.0,0,7.0,3.0,0
2492,2.0,0,8.0,3.0,0,15.0,7.0,0
2493,1.0,0,5.0,6.0,0,5.0,6.0,0
2494,5.0,1,3.0,2.0,1,1.0,0.0,1
2495,6.0,1,2.0,2.0,1,4.0,0.0,1
2496,4.505816002819881,1,3.0,2.0,1,2.0,1.0,1
2497,8.0,1,3.0,1.0,1,3.0,3.564726631393298,1
2498,1.0,0,5.0,3.0,0,5.0,7.0,0
2499,2.0,0,9.0,6.0,0,8.0,6.0,1
2500,9.0,1,2.0,0.0,1,2.0,1.0,1
2501,2.0,0,5.0,4.0,0,5.0,9.0,0
2502,4.505816002819881,0,5.0,3.0,0,11.0,9.0,0
2503,3.0,0,6.0,4.0,0,5.0,3.564726631393298,0
2504,3.0,0,8.0,5.0,0,15.0,3.0,0
2505,8.0,1,0.0,1.0,1,2.0,0.0,1
2506,0.0,0,9.0,5.0,0,11.0,5.0,1
2507,2.0,0,6.0,5.0,0,6.0,3.0,0
2508,0.0,0,4.0,5.0,0,11.0,5.0,0
2509,5.0,1,3.0,2.0,1,2.0,2.0,1
2510,2.0,0,4.0,3.0,0,8.0,8.0,0
2511,10.0,1,1.0,2.0,1,2.0,1.0,1
2512,9.0,1,3.0,0.0,1,4.0,0.0,1
2513,0.0,0,5.0,5.0,0,14.0,5.0,0
2514,3.0,0,7.0,6.0,0,13.0,9.0,0
2515,1.0,0,6.0,6.0,0,5.0,8.0,0
2516,6.0,0,3.963354474982382,1.0,1,2.0,2.0,1
2517,3.0,0,5.0,5.0,0,13.0,9.0,0
2518,7.0,1,1.0,2.0,1,2.0,0.0,1
2519,6.0,1,1.0,0.0,1,5.0,2.0,1
2520,0.0,0,9.0,3.0,0,12.0,8.0,0
2521,3.0,0,4.0,3.0,0,12.0,7.0,0
2522,9.0,1,2.0,1.0,1,4.0,0.0,0
2523,1.0,0,4.0,6.0,0,5.0,3.0,0
2524,0.0,0,5.0,6.0,0,12.0,4.0,0
2525,7.0,1,0.0,0.0,1,1.0,1.0,0
2526,8.0,0,3.0,3.0,1,5.0,0.0,1
2527,4.505816002819881,1,1.0,0.0,0,5.0,1.0,1
2528,4.0,1,0.0,1.0,1,1.0,0.0,1
2529,10.0,1,3.0,1.0,1,3.0,2.0,1
2530,2.0,0,7.0,3.0,0,15.0,9.0,0
2531,9.0,1,1.0,1.0,1,1.0,0.0,0
2532,7.0,1,1.0,0.0,1,2.0,1.0,1
2533,9.0,1,3.0,0.0,1,2.0,0.0,1
2534,2.0,0,5.0,3.0,0,14.0,5.0,0
2535,4.0,1,3.0,0.0,1,4.0,0.0,1
2536,3.0,0,6.0,3.0,0,5.0,9.0,0
2537,1.0,0,6.0,3.0,0,8.0,6.0,0
2538,0.0,0,9.0,5.0,0,8.0,7.0,0
2539,1.0,0,9.0,3.0,0,5.0,3.0,0
2541,4.505816002819881,1,3.0,1.0,1,4.0,2.0,1
2542,0.0,0,9.0,5.0,0,14.0,4.0,0
2543,1.0,0,4.0,4.0,0,13.0,7.0,0
2544,7.0,1,2.0,2.0,1,4.0,0.0,1
2545,1.0,0,6.0,4.0,0,5.0,6.0,0
2546,1.0,0,7.0,3.0,0,12.0,8.0,0
2547,1.0,0,7.0,4.0,0,9.0,6.0,0
2548,3.0,0,7.0,6.0,0,6.0,4.0,0
2549,0.0,0,8.0,5.0,0,5.0,8.0,0
2550,3.0,0,7.0,4.0,0,8.0,6.0,0
2551,2.0,0,9.0,5.0,0,11.0,6.0,0
2552,3.0,0,5.0,6.0,0,8.0,8.0,0
2553,3.0,0,6.0,4.0,0,10.0,7.0,0
2554,7.0,1,1.0,0.0,1,2.0,1.0,0
2555,9.0,1,2.0,2.0,1,1.0,0.0,0
2556,11.0,1,2.0,2.0,1,4.0,2.0,1
2557,0.0,0,3.963354474982382,3.0,0,11.0,5.0,0
2558,8.0,1,2.0,2.0,1,2.0,0.0,0
2560,2.0,0,6.0,3.0,0,10.0,3.0,0
2561,5.0,1,0.0,0.0,1,1.0,2.0,1
2562,1.0,0,6.0,5.0,0,12.0,6.0,1
2565,1.0,0,5.0,3.0,0,5.0,5.0,0
2566,1.0,0,6.0,3.0,0,11.0,6.0,0
2567,1.0,0,8.0,4.0,0,14.0,7.0,0
2568,9.0,1,0.0,1.0,1,5.0,2.0,1
2570,11.0,1,0.0,2.0,1,3.0,2.0,0
2571,0.0,0,7.0,3.0,0,6.0,4.0,0
2572,2.0,0,7.0,3.0,0,8.0,4.0,0
2573,8.0,1,3.0,0.0,1,2.0,0.0,1
2574,1.0,0,9.0,4.0,0,9.0,8.0,0
2575,0.0,0,7.0,4.0,0,11.0,6.0,0
2576,3.0,0,4.0,3.0,0,14.0,8.0,0
2577,9.0,1,1.0,0.0,1,4.0,1.0,1
2579,0.0,0,6.0,4.0,0,6.268862911795962,5.0,0
2580,1.0,0,8.0,6.0,0,10.0,7.0,0
2582,1.0,0,7.0,3.0,0,8.0,6.0,0
2583,3.0,0,5.0,5.0,0,14.0,8.0,0
2584,4.0,1,3.0,1.0,1,2.0,1.0,1
2585,0.0,0,6.0,5.0,0,6.0,3.0,0
2586,3.0,0,9.0,5.0,0,11.0,3.0,0
2587,8.0,1,1.0,1.0,1,1.0,0.0,1
2588,5.0,1,3.0,2.0,1,3.0,1.0,1
2589,0.0,0,9.0,4.0,0,12.0,3.564726631393298,0
2590,9.0,1,3.0,0.0,1,2.0,2.0,1
2591,3.0,0,4.0,5.0,0,6.0,4.0,0
2592,2.0,0,8.0,5.0,0,13.0,7.0,1
2593,3.0,0,5.0,5.0,0,6.0,7.0,0
2594,9.0,1,2.0,1.0,1,3.0,3.564726631393298,1
2595,3.0,0,4.0,6.0,0,12.0,4.0,0
2596,0.0,0,4.0,6.0,0,6.0,3.0,0
2597,3.0,0,8.0,4.0,0,10.0,7.0,0
2598,2.0,0,8.0,5.0,0,14.0,5.0,0
2599,1.0,0,7.0,5.0,0,9.0,7.0,1
2601,8.0,1,1.0,1.0,1,5.0,2.0,1
2603,11.0,1,2.0,0.0,1,5.0,0.0,1
2604,2.0,0,5.0,6.0,0,13.0,7.0,0
2605,1.0,0,5.0,5.0,0,14.0,9.0,0
2606,2.0,0,7.0,6.0,0,7.0,9.0,0
2607,10.0,1,3.0,0.0,1,1.0,2.0,1
2608,7.0,1,1.0,0.0,1,5.0,2.0,1
2609,0.0,0,8.0,6.0,0,5.0,5.0,0
2610,10.0,1,3.0,0.0,1,3.0,1.0,1
2611,8.0,1,2.0,2.0,1,5.0,1.0,1
2612,4.0,1,3.0,1.0,1,5.0,0.0,1
2613,3.0,0,4.0,6.0,0,9.0,3.564726631393298,0
2615,8.0,1,3.963354474982382,1.0,1,2.0,0.0,1
2616,10.0,1,1.0,0.0,1,2.0,1.0,1
2617,2.0,0,5.0,4.0,0,8.0,7.0,0
2618,0.0,0,4.0,6.0,0,9.0,5.0,0
2619,5.0,1,2.0,0.0,1,5.0,0.0,1
2620,2.0,0,9.0,5.0,0,14.0,6.0,0
2621,9.0,1,3.0,2.0,0,2.0,0.0,1
2622,10.0,1,3.0,1.0,1,4.0,3.564726631393298,1
2623,2.0,0,4.0,3.0,0,9.0,4.0,0
2624,6.0,1,2.0,1.0,1,1.0,2.0,1
2625,1.0,0,4.0,4.0,0,8.0,7.0,0
2626,4.0,1,2.0,0.0,1,2.0,2.0,1
2627,7.0,1,1.0,0.0,1,6.268862911795962,1.0,1
2628,0.0,0,5.0,3.0,0,15.0,5.0,0
2629,11.0,0,2.0,1.0,1,2.0,1.0,1
2630,2.0,0,5.0,3.0,0,10.0,9.0,0
2631,9.0,1,3.963354474982382,0.0,1,3.0,0.0,1
2632,7.0,1,2.0,2.0,1,2.0,0.0,1
2633,11.0,1,3.0,2.0,1,3.0,2.0,1
2634,1.0,0,4.0,6.0,0,6.268862911795962,3.0,0
2635,10.0,0,0.0,2.0,1,3.0,1.0,1
2636,3.0,0,9.0,6.0,0,7.0,8.0,0
2637,0.0,0,9.0,4.0,0,6.268862911795962,4.0,0
2638,2.0,0,7.0,3.0,0,11.0,7.0,0
2639,1.0,0,7.0,7.0,0,10.0,9.0,1
2640,1.0,0,9.0,3.0,0,8.0,9.0,0
2641,2.0,0,7.0,6.0,0,9.0,7.0,0
2642,2.0,0,4.0,4.0,0,9.0,7.0,0
2643,2.0,0,9.0,3.0,0,6.0,8.0,0
2644,1.0,0,3.963354474982382,6.0,0,8.0,6.0,0
2645,2.0,0,8.0,6.0,0,11.0,3.0,0
2646,1.0,0,8.0,6.0,0,12.0,7.0,1
2647,8.0,1,2.0,1.0,1,2.0,0.0,1
2648,10.0,1,0.0,1.0,1,3.0,1.0,0
2649,1.0,0,6.0,6.0,0,7.0,7.0,0
2650,3.0,0,4.0,6.0,0,5.0,9.0,0
2651,8.0,1,2.0,0.0,1,4.0,1.0,0
2652,4.0,1,0.0,0.0,1,2.0,0.0,1
2654,2.0,0,7.0,4.0,0,5.0,7.0,0
2655,9.0,1,3.0,0.0,1,5.0,2.0,1
2656,4.0,1,3.0,1.0,1,4.0,1.0,1
2657,2.0,0,9.0,3.0,0,5.0,9.0,0
2658,5.0,1,2.0,0.0,1,4.0,3.564726631393298,1
2659,3.0,0,9.0,5.0,0,8.0,3.564726631393298,0
2660,9.0,0,1.0,0.0,1,4.0,0.0,1
2661,3.0,0,8.0,4.0,0,10.0,3.0,0
2662,8.0,1,2.0,0.0,1,1.0,0.0,1
2663,6.0,1,1.0,3.0,1,3.0,0.0,1
2664,11.0,1,2.0,0.0,1,5.0,1.0,1
2665,8.0,1,2.0,0.0,1,2.0,0.0,1
2666,11.0,1,2.0,2.0,1,3.0,0.0,1
2667,0.0,0,4.0,5.0,0,13.0,3.0,0
2668,0.0,0,5.0,5.0,0,7.0,9.0,0
2669,9.0,1,2.0,1.0,1,2.0,2.0,1
2670,3.0,0,4.0,3.0,0,15.0,9.0,0
2671,1.0,0,9.0,6.0,0,7.0,3.0,0
2672,0.0,0,5.0,3.0,0,6.268862911795962,5.0,0
2673,10.0,1,0.0,2.0,1,4.0,0.0,1
2674,3.0,0,9.0,3.0,0,9.0,8.0,0
2675,7.0,1,3.0,0.0,1,1.0,2.0,1
2676,11.0,1,1.0,0.0,1,2.0,1.0,1
2677,8.0,1,1.0,0.0,1,3.0,1.0,0
2678,2.0,0,9.0,7.0,0,14.0,5.0,1
2679,0.0,0,4.0,5.0,0,13.0,9.0,0
2680,3.0,0,7.0,3.0,0,7.0,8.0,0
2681,2.0,0,6.0,3.0,0,8.0,3.0,0
2682,0.0,0,4.0,3.0,0,5.0,4.0,0
2683,10.0,1,2.0,3.0,1,4.0,1.0,1
2684,5.0,1,3.0,1.0,1,3.0,1.0,1
2685,2.0,0,4.0,3.0,0,6.0,6.0,0
2687,0.0,0,6.0,5.0,0,13.0,8.0,1
2688,4.0,1,2.0,0.0,1,3.0,2.0,1
2689,5.0,1,0.0,1.0,1,4.0,1.0,1
2690,7.0,1,2.0,0.0,1,4.0,1.0,1
2691,6.0,1,1.0,1.0,1,4.0,0.0,1
2692,1.0,0,7.0,5.0,0,12.0,3.0,0
2693,0.0,0,4.0,5.0,0,14.0,7.0,0
2694,3.0,0,5.0,4.0,0,10.0,6.0,0
2695,7.0,1,3.963354474982382,1.0,1,2.0,1.0,1
2696,10.0,1,1.0,1.0,1,1.0,2.0,1
2697,9.0,1,0.0,2.0,1,3.0,3.564726631393298,1
2698,2.0,0,5.0,4.0,0,6.0,8.0,0
2699,0.0,0,5.0,5.0,0,6.0,6.0,0
2700,10.0,1,1.0,1.0,1,2.0,0.0,1
2701,1.0,0,6.0,5.0,0,10.0,8.0,0
2702,5.0,1,2.0,2.0,1,5.0,0.0,1
2703,3.0,0,4.0,5.0,0,12.0,4.0,0
2704,3.0,0,3.963354474982382,5.0,0,12.0,3.0,0
2705,4.505816002819881,0,9.0,5.0,0,9.0,4.0,0
2706,0.0,0,6.0,3.0,0,7.0,7.0,0
2707,3.0,0,9.0,6.0,0,12.0,5.0,0
2708,6.0,1,2.0,0.0,1,5.0,1.0,1
2709,2.0,0,7.0,3.0,0,12.0,7.0,0
2710,7.0,1,1.0,1.0,1,5.0,2.0,1
2711,4.505816002819881,0,4.0,6.0,0,12.0,3.0,0
2712,2.0,0,4.0,3.0,0,6.268862911795962,3.0,0
2713,0.0,0,7.0,4.0,0,8.0,3.564726631393298,0
2714,6.0,1,2.0,1.0,1,3.0,2.0,1
2715,4.505816002819881,0,6.0,6.0,0,14.0,6.0,0
2716,3.0,0,8.0,6.0,0,11.0,9.0,0
2717,0.0,0,4.0,3.0,0,9.0,7.0,0
2718,7.0,1,0.0,1.0,1,1.0,0.0,1
2719,11.0,1,1.0,0.0,1,3.0,2.0,1
2721,10.0,1,0.0,1.0,1,2.0,1.0,1
2722,2.0,0,6.0,3.0,0,11.0,7.0,0
2723,5.0,1,1.0,0.0,1,4.0,0.0,1
2724,1.0,0,5.0,6.0,0,13.0,6.0,0
2725,10.0,1,2.0,0.0,1,6.268862911795962,2.0,1
2726,9.0,1,0.0,2.0,1,3.0,1.0,1
2727,1.0,0,9.0,4.0,0,10.0,6.0,0
2728,0.0,0,7.0,3.0,0,12.0,7.0,0
2729,0.0,0,7.0,3.0,0,10.0,4.0,0
2730,2.0,0,8.0,5.0,0,6.0,8.0,0
2731,1.0,0,8.0,3.0,0,7.0,9.0,0
2732,11.0,1,1.0,2.0,1,2.0,2.0,1
2733,3.0,0,7.0,4.0,0,11.0,3.0,0
2734,3.0,0,3.963354474982382,4.0,0,7.0,4.0,0
2735,3.0,0,5.0,4.0,0,13.0,5.0,0
2736,8.0,1,2.0,0.0,1,5.0,0.0,1
2737,2.0,0,9.0,4.0,0,15.0,4.0,0
2738,11.0,1,2.0,1.0,1,5.0,3.564726631393298,1
2739,9.0,1,0.0,2.0,1,4.0,1.0,1
2740,8.0,1,2.0,1.0,1,3.0,0.0,1
2741,11.0,1,0.0,1.0,1,5.0,1.0,1
2742,2.0,0,7.0,4.0,0,7.0,7.0,0
2743,3.0,0,3.963354474982382,3.0,0,10.0,4.0,0
2744,2.0,0,6.0,3.0,0,9.0,9.0,0
2745,10.0,1,1.0,1.0,1,2.0,2.0,1
2746,7.0,1,2.0,2.0,1,2.0,2.0,1
2747,4.0,1,2.0,2.0,1,3.0,2.0,1
2748,3.0,0,4.0,3.0,0,15.0,8.0,0
2749,7.0,1,3.963354474982382,2.0,1,3.0,1.0,1
2750,1.0,0,9.0,6.0,0,14.0,7.0,0
2751,0.0,0,5.0,4.0,0,10.0,7.0,0
2752,10.0,1,1.0,1.0,1,4.0,1.0,1
2753,0.0,0,4.0,5.0,0,10.0,3.0,0
2754,8.0,1,2.0,0.0,1,4.0,0.0,0
2755,0.0,0,8.0,4.0,0,10.0,9.0,0
2756,3.0,0,5.0,6.0,0,9.0,3.564726631393298,0
2757,10.0,1,2.0,0.0,1,5.0,3.564726631393298,1
2758,7.0,1,2.0,2.0,1,5.0,2.0,1
2759,2.0,0,8.0,4.0,0,10.0,5.0,0
2760,1.0,0,5.0,4.0,0,15.0,8.0,0
2762,2.0,0,9.0,3.0,0,12.0,5.0,0
2763,1.0,0,8.0,6.0,0,12.0,6.0,0
2764,3.0,0,5.0,4.0,0,6.0,3.0,0
2765,8.0,1,3.0,0.0,1,2.0,1.0,1
2766,0.0,0,9.0,6.0,0,8.0,6.0,0
2767,0.0,0,9.0,3.0,0,6.268862911795962,9.0,0
2768,10.0,1,0.0,0.0,1,4.0,1.0,1
2769,10.0,1,1.0,0.0,1,1.0,0.0,1
2770,0.0,0,4.0,5.0,0,15.0,7.0,0
2771,5.0,1,0.0,2.0,1,1.0,2.0,1
2772,4.505816002819881,0,7.0,6.0,0,11.0,7.0,0
2773,11.0,1,2.0,2.0,1,2.0,1.0,0
2774,4.0,1,2.0,1.0,1,2.0,0.0,1
2775,0.0,0,8.0,5.0,0,5.0,9.0,0
2776,5.0,1,1.0,0.0,1,5.0,2.0,1
2777,1.0,0,8.0,4.0,0,10.0,7.0,0
2778,5.0,1,1.0,1.0,1,2.0,2.0,1
2779,11.0,1,2.0,0.0,1,1.0,0.0,0
2780,10.0,1,3.0,0.0,1,1.0,0.0,1
2781,6.0,1,0.0,0.0,1,4.0,0.0,1
2782,1.0,0,4.0,5.0,0,7.0,8.0,0
2783,10.0,1,2.0,1.0,1,4.0,0.0,1
2784,1.0,0,8.0,3.0,0,12.0,9.0,0
2785,5.0,1,2.0,2.0,0,1.0,2.0,1
2786,1.0,0,4.0,3.0,0,15.0,3.0,0
2787,4.505816002819881,0,1.0,2.0,1,4.0,2.0,1
2788,0.0,0,6.0,3.0,0,14.0,5.0,0
2789,5.0,1,1.0,2.0,1,1.0,1.0,1
2790,5.0,1,2.0,2.0,1,3.0,2.0,1
2791,6.0,1,3.0,2.0,1,1.0,1.0,1
2792,4.0,1,0.0,2.0,1,2.0,0.0,1
2793,2.0,0,7.0,6.0,0,6.0,7.0,0
2794,7.0,1,3.963354474982382,0.0,1,1.0,2.0,1
2795,3.0,0,9.0,4.0,0,8.0,3.0,0
2796,10.0,1,0.0,1.0,1,3.0,0.0,1
2797,8.0,1,3.0,2.0,1,3.0,0.0,1
2798,3.0,0,8.0,3.0,0,8.0,6.0,0
2799,3.0,0,7.0,6.0,0,9.0,4.0,0
2800,5.0,1,3.0,0.0,1,2.0,1.0,1
2802,5.0,1,0.0,0.0,1,4.0,2.0,1
2803,2.0,0,4.0,5.0,0,5.0,7.0,0
2804,1.0,0,7.0,6.0,0,15.0,3.0,0
2805,7.0,1,2.0,1.0,1,1.0,0.0,0
2806,2.0,0,7.0,4.0,0,7.0,3.0,0
2807,2.0,0,6.0,3.0,0,6.0,6.0,0
2808,3.0,0,8.0,5.0,0,11.0,6.0,0
2809,2.0,0,8.0,3.0,0,14.0,4.0,0
2810,11.0,1,1.0,2.0,1,1.0,0.0,1
2811,8.0,1,1.0,0.0,1,1.0,0.0,1
2812,7.0,1,3.0,1.0,0,1.0,1.0,1
2813,2.0,0,7.0,7.0,0,9.0,8.0,1
2814,0.0,0,9.0,6.0,0,14.0,7.0,0
2815,2.0,0,8.0,6.0,0,6.0,4.0,0
2816,4.0,1,0.0,2.0,1,3.0,1.0,1
2817,6.0,1,2.0,1.0,1,2.0,1.0,1
2818,8.0,1,1.0,1.0,1,2.0,2.0,1
2819,3.0,0,5.0,6.0,0,13.0,3.0,0
2820,9.0,1,0.0,2.0,1,1.0,0.0,1
2821,3.0,0,7.0,4.0,0,9.0,8.0,0
2822,8.0,1,2.0,0.0,1,1.0,1.0,1
2823,11.0,1,0.0,1.0,1,3.0,1.0,1
2824,1.0,0,7.0,3.0,0,7.0,4.0,0
2825,10.0,1,2.0,2.0,1,1.0,0.0,0
2826,5.0,1,1.0,2.0,1,4.0,0.0,1
2827,2.0,0,8.0,5.0,0,7.0,9.0,0
2828,2.0,0,4.0,4.0,0,10.0,3.0,0
2829,3.0,0,7.0,5.0,0,6.0,4.0,0
2830,8.0,1,1.0,0.0,1,2.0,1.0,1
2831,3.0,0,5.0,6.0,0,12.0,5.0,0
2832,2.0,0,4.0,4.0,0,9.0,8.0,0
2833,11.0,1,0.0,0.0,1,3.0,2.0,0
2834,8.0,1,2.0,1.0,1,1.0,1.0,1
2835,1.0,0,8.0,5.0,0,11.0,8.0,1
2836,4.0,1,1.0,0.0,1,4.0,1.0,1
2837,2.0,0,5.0,4.0,0,6.0,7.0,0
2838,7.0,1,3.0,1.0,1,6.268862911795962,1.0,1
2839,7.0,1,2.0,2.0,1,1.0,1.0,0
2840,2.0,0,8.0,6.0,0,12.0,4.0,0
2841,4.0,1,2.0,0.0,1,3.0,0.0,1
2842,2.0,0,8.0,5.0,0,12.0,5.0,0
2843,10.0,1,2.0,1.0,1,3.0,1.0,1
2844,11.0,1,1.0,0.0,1,3.0,2.0,0
2845,4.0,1,0.0,2.0,1,5.0,2.0,1
2846,0.0,0,5.0,6.0,0,12.0,7.0,0
2847,1.0,0,7.0,3.0,0,9.0,3.0,0
2848,1.0,0,8.0,4.0,0,5.0,5.0,0
2849,2.0,0,4.0,5.0,0,6.0,4.0,0
2850,0.0,0,9.0,3.0,0,11.0,3.0,0
2851,1.0,0,4.0,3.0,0,10.0,4.0,0
2852,10.0,1,2.0,0.0,1,3.0,1.0,0
2853,1.0,0,5.0,5.0,0,13.0,6.0,0
2854,5.0,1,0.0,2.0,1,5.0,1.0,1
2855,1.0,0,9.0,4.0,0,10.0,8.0,0
2856,1.0,0,7.0,5.0,0,10.0,5.0,0
2857,2.0,0,5.0,3.0,0,9.0,3.0,0
2858,1.0,0,9.0,5.0,0,11.0,8.0,1
2859,2.0,0,7.0,4.0,0,13.0,7.0,0
2860,5.0,1,2.0,1.0,1,2.0,2.0,1
2861,1.0,0,6.0,5.0,0,14.0,5.0,0
2862,9.0,1,2.0,0.0,1,3.0,2.0,1
2863,1.0,0,4.0,6.0,0,9.0,5.0,0
2864,2.0,0,4.0,4.0,0,8.0,7.0,0
2865,1.0,0,6.0,7.0,0,13.0,7.0,1
2866,3.0,0,8.0,3.0,0,6.0,7.0,0
2867,8.0,1,3.0,3.0,1,4.0,2.0,1
2868,2.0,0,5.0,4.0,0,7.0,8.0,0
2869,2.0,0,7.0,5.0,0,14.0,3.0,0
2870,2.0,0,5.0,3.0,0,7.0,4.0,0
2871,3.0,0,5.0,4.0,0,7.0,4.0,0
2872,0.0,0,6.0,4.0,0,13.0,3.0,0
2873,8.0,1,2.0,1.0,1,2.0,1.0,1
2874,4.0,1,1.0,2.0,1,5.0,0.0,1
2875,0.0,0,8.0,5.0,0,14.0,5.0,0
2876,1.0,0,7.0,6.0,0,5.0,9.0,0
2877,2.0,0,5.0,6.0,0,7.0,6.0,0
2878,2.0,0,7.0,4.0,0,12.0,8.0,0
2879,9.0,1,2.0,1.0,1,5.0,0.0,1
2880,0.0,0,6.0,3.0,0,7.0,5.0,0
2881,4.0,1,1.0,2.0,1,1.0,2.0,1
2882,1.0,0,9.0,3.0,0,7.0,6.0,0
2883,7.0,1,2.0,2.0,1,1.0,1.0,1
2884,11.0,1,0.0,2.0,1,3.0,1.0,1
2885,10.0,1,0.0,0.0,0,2.0,0.0,1
2886,7.0,1,0.0,0.0,1,5.0,2.0,1
2887,0.0,0,9.0,6.0,0,6.0,3.0,0
2888,5.0,1,0.0,1.0,1,1.0,0.0,1
2889,6.0,1,0.0,0.0,1,3.0,0.0,1
2890,8.0,1,2.0,0.0,1,1.0,2.0,1
2891,6.0,1,3.0,1.0,1,5.0,1.0,1
2892,9.0,1,2.0,0.0,1,1.0,2.0,1
2893,9.0,0,2.0,0.0,1,4.0,2.0,1
2894,0.0,0,9.0,3.0,0,12.0,3.564726631393298,0
2895,3.0,0,7.0,6.0,0,6.0,6.0,0
2896,3.0,0,8.0,3.0,0,14.0,9.0,0
2897,4.0,1,1.0,1.0,1,4.0,0.0,1
2898,11.0,1,1.0,3.0,1,2.0,0.0,1
2899,3.0,0,6.0,6.0,0,6.0,9.0,0
